fecha	banda	reflec
2021-01-01	B01	0.03836666666666667
2021-01-01	B02	0.02856666666666666
2021-01-01	B03	0.04116666666666666
2021-01-01	B04	0.03276666666666666
2021-01-01	B05	0.04206666666666667
2021-01-01	B06	0.0406
2021-01-01	B07	0.04243333333333334
2021-01-01	B08	0.03343333333333333
2021-01-01	B8A	0.0425
2021-01-01	B11	0.05253333333333333
2021-01-01	B12	0.03993333333333333
2021-01-06	B01	0.1404
2021-01-06	B02	0.13813333333333333
2021-01-06	B03	0.14806666666666668
2021-01-06	B04	0.13140000000000002
2021-01-06	B05	0.16316666666666668
2021-01-06	B06	0.19223333333333337
2021-01-06	B07	0.19476666666666667
2021-01-06	B08	0.21353333333333332
2021-01-06	B8A	0.20153333333333337
2021-01-06	B11	0.17526666666666668
2021-01-06	B12	0.13626666666666667
2021-01-11	B01	0.0674
2021-01-11	B02	0.0616
2021-01-11	B03	0.07293333333333334
2021-01-11	B04	0.06443333333333334
2021-01-11	B05	0.08193333333333333
2021-01-11	B06	0.0876
2021-01-11	B07	0.09756666666666668
2021-01-11	B08	0.0943
2021-01-11	B8A	0.10226666666666669
2021-01-11	B11	0.10116666666666668
2021-01-11	B12	0.07633333333333334
2021-01-16	B01	0.7863333333333333
2021-01-16	B02	0.7348
2021-01-16	B03	0.6981333333333334
2021-01-16	B04	0.6618666666666667
2021-01-16	B05	0.6845666666666667
2021-01-16	B06	0.6876666666666666
2021-01-16	B07	0.6979666666666667
2021-01-16	B08	0.6569333333333334
2021-01-16	B8A	0.6973666666666667
2021-01-16	B11	0.4059333333333333
2021-01-16	B12	0.3667666666666667
2021-01-21	B01	0.0711
2021-01-21	B02	0.06709999999999999
2021-01-21	B03	0.07446666666666667
2021-01-21	B04	0.05376666666666666
2021-01-21	B05	0.07113333333333333
2021-01-21	B06	0.06923333333333333
2021-01-21	B07	0.07106666666666667
2021-01-21	B08	0.0605
2021-01-21	B8A	0.0646
2021-01-21	B11	0.0437
2021-01-21	B12	0.03073333333333333
2021-01-26	B01	0.8692333333333333
2021-01-26	B02	0.8498666666666667
2021-01-26	B03	0.8834666666666666
2021-01-26	B04	0.8930666666666667
2021-01-26	B05	0.8578
2021-01-26	B06	0.8649333333333333
2021-01-26	B07	0.8722666666666666
2021-01-26	B08	0.8954666666666666
2021-01-26	B8A	0.8642333333333333
2021-01-26	B11	0.16946666666666668
2021-01-26	B12	0.1796
2021-01-31	B01	0.4963666666666666
2021-01-31	B02	0.5028
2021-01-31	B03	0.4836
2021-01-31	B04	0.46026666666666666
2021-01-31	B05	0.4918666666666667
2021-01-31	B06	0.5254
2021-01-31	B07	0.5482333333333334
2021-01-31	B08	0.5146666666666666
2021-01-31	B8A	0.5487
2021-01-31	B11	0.4877
2021-01-31	B12	0.43120000000000003
2021-02-05	B01	0.0131
2021-02-05	B02	4.6666666666666666e-4
2021-02-05	B03	0.0076
2021-02-05	B04	0.00573333333333333
2021-02-05	B05	0.00776666666666666
2021-02-05	B06	0.0025
2021-02-05	B07	0.00246666666666666
2021-02-05	B08	0.0039
2021-02-05	B8A	NA
2021-02-05	B11	0.0199
2021-02-05	B12	0.01503333333333333
2021-02-10	B01	0.7818666666666666
2021-02-10	B02	0.7405333333333334
2021-02-10	B03	0.6773333333333333
2021-02-10	B04	0.6406666666666667
2021-02-10	B05	0.7076666666666667
2021-02-10	B06	0.6825666666666667
2021-02-10	B07	0.6676
2021-02-10	B08	0.6689333333333333
2021-02-10	B8A	0.6439333333333334
2021-02-10	B11	0.5240333333333334
2021-02-10	B12	0.44943333333333335
2021-02-15	B01	0.02593333333333333
2021-02-15	B02	0.013
2021-02-15	B03	0.019
2021-02-15	B04	0.01406666666666666
2021-02-15	B05	0.02066666666666666
2021-02-15	B06	0.01766666666666666
2021-02-15	B07	0.0192
2021-02-15	B08	0.01693333333333333
2021-02-15	B8A	0.0194
2021-02-15	B11	0.0263
2021-02-15	B12	0.02023333333333333
2021-02-20	B01	0.8556
2021-02-20	B02	0.6954666666666667
2021-02-20	B03	0.6257333333333334
2021-02-20	B04	0.6538666666666667
2021-02-20	B05	0.7621666666666667
2021-02-20	B06	0.7500333333333333
2021-02-20	B07	0.7235
2021-02-20	B08	0.6229333333333333
2021-02-20	B8A	0.7018
2021-02-20	B11	0.4796333333333333
2021-02-20	B12	0.4056
2021-02-25	B01	0.03833333333333334
2021-02-25	B02	0.02296666666666666
2021-02-25	B03	0.03186666666666667
2021-02-25	B04	0.02006666666666666
2021-02-25	B05	0.0291
2021-02-25	B06	0.02613333333333333
2021-02-25	B07	0.0286
2021-02-25	B08	0.0282
2021-02-25	B8A	0.03383333333333333
2021-02-25	B11	0.0305
2021-02-25	B12	0.02223333333333333
2021-03-02	B01	0.04166666666666667
2021-03-02	B02	0.03216666666666666
2021-03-02	B03	0.0427
2021-03-02	B04	0.03179999999999999
2021-03-02	B05	0.04616666666666667
2021-03-02	B06	0.04553333333333333
2021-03-02	B07	0.0557
2021-03-02	B08	0.04866666666666666
2021-03-02	B8A	0.0592
2021-03-02	B11	0.05289999999999999
2021-03-02	B12	0.03826666666666666
2021-03-07	B01	0.02743333333333333
2021-03-07	B02	0.01276666666666666
2021-03-07	B03	0.01823333333333333
2021-03-07	B04	0.01263333333333333
2021-03-07	B05	0.01773333333333333
2021-03-07	B06	0.0168
2021-03-07	B07	0.01703333333333333
2021-03-07	B08	0.01916666666666666
2021-03-07	B8A	0.02413333333333333
2021-03-07	B11	0.02746666666666666
2021-03-07	B12	0.01806666666666667
2021-03-12	B01	0.04183333333333333
2021-03-12	B02	0.03146666666666666
2021-03-12	B03	0.03816666666666667
2021-03-12	B04	0.03453333333333333
2021-03-12	B05	0.04589999999999999
2021-03-12	B06	0.054
2021-03-12	B07	0.06183333333333333
2021-03-12	B08	0.0579
2021-03-12	B8A	0.06903333333333334
2021-03-12	B11	0.0649
2021-03-12	B12	0.04766666666666667
2021-03-17	B01	0.6693666666666667
2021-03-17	B02	0.6796
2021-03-17	B03	0.6328
2021-03-17	B04	0.5913333333333334
2021-03-17	B05	0.6225666666666667
2021-03-17	B06	0.6254
2021-03-17	B07	0.6193666666666666
2021-03-17	B08	0.6434666666666666
2021-03-17	B8A	0.6129
2021-03-17	B11	0.4321
2021-03-17	B12	0.362
2021-03-22	B01	0.24623333333333333
2021-03-22	B02	0.2182
2021-03-22	B03	0.21626666666666663
2021-03-22	B04	0.2051333333333333
2021-03-22	B05	0.2245333333333333
2021-03-22	B06	0.25473333333333337
2021-03-22	B07	0.2680666666666667
2021-03-22	B08	0.27673333333333333
2021-03-22	B8A	0.27323333333333333
2021-03-22	B11	0.2279
2021-03-22	B12	0.17926666666666666
2021-03-27	B01	0.8818333333333334
2021-03-27	B02	0.8882666666666666
2021-03-27	B03	0.9074666666666666
2021-03-27	B04	0.9066666666666666
2021-03-27	B05	0.8816333333333334
2021-03-27	B06	0.8853666666666666
2021-03-27	B07	0.8823666666666666
2021-03-27	B08	0.9477333333333332
2021-03-27	B8A	0.8736666666666667
2021-03-27	B11	0.2303333333333333
2021-03-27	B12	0.2617
2021-04-01	B01	0.00586666666666666
2021-04-01	B02	0.00166666666666666
2021-04-01	B03	0.00956666666666666
2021-04-01	B04	0.00733333333333333
2021-04-01	B05	0.01266666666666666
2021-04-01	B06	0.00676666666666666
2021-04-01	B07	0.00876666666666666
2021-04-01	B08	0.00916666666666666
2021-04-01	B8A	0.00913333333333333
2021-04-01	B11	0.02186666666666666
2021-04-01	B12	0.01476666666666666
2021-04-06	B01	0.8245
2021-04-06	B02	0.7730666666666667
2021-04-06	B03	0.6918666666666666
2021-04-06	B04	0.6321333333333333
2021-04-06	B05	0.6661333333333334
2021-04-06	B06	0.6378333333333334
2021-04-06	B07	0.6237666666666667
2021-04-06	B08	0.6129333333333333
2021-04-06	B8A	0.6130666666666666
2021-04-06	B11	0.4778333333333334
2021-04-06	B12	0.38753333333333334
2021-04-11	B01	0.7889333333333333
2021-04-11	B02	0.7396
2021-04-11	B03	0.6817333333333333
2021-04-11	B04	0.6353333333333333
2021-04-11	B05	0.6898666666666666
2021-04-11	B06	0.6476999999999999
2021-04-11	B07	0.6174666666666666
2021-04-11	B08	0.6272
2021-04-11	B8A	0.5932000000000001
2021-04-11	B11	0.23046666666666665
2021-04-11	B12	0.20103333333333337
2021-04-16	B01	0.10763333333333332
2021-04-16	B02	0.0909
2021-04-16	B03	0.09473333333333334
2021-04-16	B04	0.0854
2021-04-16	B05	0.1007
2021-04-16	B06	0.1148
2021-04-16	B07	0.12243333333333332
2021-04-16	B08	0.1126
2021-04-16	B8A	0.12573333333333334
2021-04-16	B11	0.09
2021-04-16	B12	0.08193333333333333
2021-04-21	B01	0.01606666666666666
2021-04-21	B02	0.02403333333333333
2021-04-21	B03	0.02653333333333333
2021-04-21	B04	0.0201
2021-04-21	B05	0.02733333333333333
2021-04-21	B06	0.02676666666666666
2021-04-21	B07	0.0298
2021-04-21	B08	0.03966666666666667
2021-04-21	B8A	0.0236
2021-04-21	B11	0.03426666666666667
2021-04-21	B12	0.02226666666666666
2021-04-26	B01	0.0095
2021-04-26	B02	0.00216666666666666
2021-04-26	B03	0.01513333333333333
2021-04-26	B04	0.00963333333333333
2021-04-26	B05	0.01643333333333333
2021-04-26	B06	0.0074
2021-04-26	B07	0.00853333333333333
2021-04-26	B08	0.01
2021-04-26	B8A	0.00846666666666666
2021-04-26	B11	0.01686666666666667
2021-04-26	B12	0.0123
2021-05-01	B01	0.009
2021-05-01	B02	0.00813333333333333
2021-05-01	B03	0.01706666666666666
2021-05-01	B04	0.011566666666666661
2021-05-01	B05	0.01596666666666666
2021-05-01	B06	0.0097
2021-05-01	B07	0.01186666666666666
2021-05-01	B08	0.0104
2021-05-01	B8A	0.0128
2021-05-01	B11	0.02293333333333333
2021-05-01	B12	0.01526666666666666
2021-05-06	B01	0.01626666666666666
2021-05-06	B02	0.01476666666666666
2021-05-06	B03	0.02576666666666666
2021-05-06	B04	0.01776666666666666
2021-05-06	B05	0.02883333333333333
2021-05-06	B06	0.02703333333333333
2021-05-06	B07	0.03093333333333333
2021-05-06	B08	0.0431
2021-05-06	B8A	0.03336666666666667
2021-05-06	B11	0.03716666666666667
2021-05-06	B12	0.02389999999999999
2021-05-11	B01	1.205833333333333
2021-05-11	B02	1.153333333333333
2021-05-11	B03	1.0386666666666666
2021-05-11	B04	0.9370666666666666
2021-05-11	B05	0.9968666666666668
2021-05-11	B06	0.9262333333333334
2021-05-11	B07	0.8699666666666667
2021-05-11	B08	0.9248
2021-05-11	B8A	0.8140666666666667
2021-05-11	B11	0.4960333333333333
2021-05-11	B12	0.43856666666666666
2021-05-16	B01	0.01296666666666666
2021-05-16	B02	0.0067
2021-05-16	B03	0.02663333333333333
2021-05-16	B04	0.01403333333333333
2021-05-16	B05	0.02126666666666666
2021-05-16	B06	0.00853333333333333
2021-05-16	B07	0.0107
2021-05-16	B08	0.01046666666666666
2021-05-16	B8A	0.01153333333333333
2021-05-16	B11	0.0204
2021-05-16	B12	0.0131
2021-05-21	B01	0.02856666666666666
2021-05-21	B02	0.0312
2021-05-21	B03	0.04553333333333333
2021-05-21	B04	0.03056666666666667
2021-05-21	B05	0.04136666666666667
2021-05-21	B06	0.02679999999999999
2021-05-21	B07	0.03493333333333334
2021-05-21	B08	0.0319
2021-05-21	B8A	0.0314
2021-05-21	B11	0.0341
2021-05-21	B12	0.02586666666666666
2021-05-26	B01	0.0641
2021-05-26	B02	0.0525
2021-05-26	B03	0.0776
2021-05-26	B04	0.05976666666666667
2021-05-26	B05	0.07946666666666667
2021-05-26	B06	0.08216666666666667
2021-05-26	B07	0.0897
2021-05-26	B08	0.08613333333333333
2021-05-26	B8A	0.09243333333333333
2021-05-26	B11	0.07516666666666666
2021-05-26	B12	0.062
2021-05-31	B01	0.0063
2021-05-31	B02	0.01116666666666666
2021-05-31	B03	0.03713333333333333
2021-05-31	B04	0.0181
2021-05-31	B05	0.03436666666666667
2021-05-31	B06	0.01763333333333333
2021-05-31	B07	0.0177
2021-05-31	B08	0.01683333333333333
2021-05-31	B8A	0.01443333333333333
2021-05-31	B11	0.01956666666666666
2021-05-31	B12	0.01416666666666666
2021-06-05	B01	0.8787
2021-06-05	B02	0.7546666666666666
2021-06-05	B03	0.7374666666666667
2021-06-05	B04	0.7138666666666666
2021-06-05	B05	0.7894666666666666
2021-06-05	B06	0.7458666666666667
2021-06-05	B07	0.7116
2021-06-05	B08	0.7045333333333333
2021-06-05	B8A	0.6892333333333333
2021-06-05	B11	0.594
2021-06-05	B12	0.5539
2021-06-10	B01	0.01103333333333333
2021-06-10	B02	0.0154
2021-06-10	B03	0.0366
2021-06-10	B04	0.0185
2021-06-10	B05	0.03866666666666667
2021-06-10	B06	0.01383333333333333
2021-06-10	B07	0.02013333333333333
2021-06-10	B08	0.01556666666666666
2021-06-10	B8A	0.01423333333333333
2021-06-10	B11	0.01663333333333333
2021-06-10	B12	0.01213333333333333
2021-06-15	B01	0.8680333333333333
2021-06-15	B02	0.6426666666666667
2021-06-15	B03	0.6043999999999999
2021-06-15	B04	0.5658666666666666
2021-06-15	B05	0.5633666666666667
2021-06-15	B06	0.5794666666666667
2021-06-15	B07	0.5987333333333333
2021-06-15	B08	0.5657333333333333
2021-06-15	B8A	0.6079666666666667
2021-06-15	B11	0.4471333333333333
2021-06-15	B12	0.35886666666666667
2021-06-20	B01	0.02006666666666666
2021-06-20	B02	0.0202
2021-06-20	B03	0.03983333333333333
2021-06-20	B04	0.0228
2021-06-20	B05	0.0381
2021-06-20	B06	0.02233333333333333
2021-06-20	B07	0.0197
2021-06-20	B08	0.02396666666666666
2021-06-20	B8A	0.0221
2021-06-20	B11	0.02106666666666666
2021-06-20	B12	0.016
2021-06-25	B01	0.6664
2021-06-25	B02	0.6452
2021-06-25	B03	0.6464
2021-06-25	B04	0.6342666666666666
2021-06-25	B05	0.6639333333333334
2021-06-25	B06	0.7036
2021-06-25	B07	0.7098333333333333
2021-06-25	B08	0.7409333333333333
2021-06-25	B8A	0.7247333333333333
2021-06-25	B11	0.6481333333333333
2021-06-25	B12	0.6196333333333334
2021-06-30	B01	0.00166666666666666
2021-06-30	B02	0.00326666666666666
2021-06-30	B03	0.02256666666666666
2021-06-30	B04	0.01356666666666666
2021-06-30	B05	0.02463333333333333
2021-06-30	B06	0.00866666666666666
2021-06-30	B07	0.0077
2021-06-30	B08	0.00633333333333333
2021-06-30	B8A	0.00513333333333333
2021-06-30	B11	0.01666666666666666
2021-06-30	B12	0.0108
2021-07-05	B01	0.9062666666666668
2021-07-05	B02	0.7898666666666667
2021-07-05	B03	0.7704
2021-07-05	B04	0.7773333333333333
2021-07-05	B05	0.8015333333333333
2021-07-05	B06	0.7994333333333333
2021-07-05	B07	0.7942666666666667
2021-07-05	B08	0.7613333333333333
2021-07-05	B8A	0.7933333333333333
2021-07-05	B11	0.6918333333333333
2021-07-05	B12	0.6727
2021-07-10	B01	0.03896666666666667
2021-07-10	B02	0.04426666666666667
2021-07-10	B03	0.07083333333333333
2021-07-10	B04	0.04413333333333333
2021-07-10	B05	0.04783333333333333
2021-07-10	B06	0.02816666666666666
2021-07-10	B07	0.03086666666666666
2021-07-10	B08	0.05296666666666667
2021-07-10	B8A	0.0283
2021-07-10	B11	0.03243333333333333
2021-07-10	B12	0.01979999999999999
2021-07-15	B01	0.15383333333333332
2021-07-15	B02	0.1255
2021-07-15	B03	0.129
2021-07-15	B04	0.1134
2021-07-15	B05	0.13196666666666668
2021-07-15	B06	0.1555
2021-07-15	B07	0.16463333333333333
2021-07-15	B08	0.15773333333333334
2021-07-15	B8A	0.17216666666666666
2021-07-15	B11	0.15433333333333332
2021-07-15	B12	0.14116666666666666
2021-07-20	B01	0.8481666666666666
2021-07-20	B02	0.8099999999999999
2021-07-20	B03	0.7466666666666667
2021-07-20	B04	0.7005333333333333
2021-07-20	B05	0.6933
2021-07-20	B06	0.6600666666666667
2021-07-20	B07	0.6459666666666667
2021-07-20	B08	0.6868
2021-07-20	B8A	0.6258
2021-07-20	B11	0.48136666666666666
2021-07-20	B12	0.4108
2021-07-25	B01	0.01826666666666666
2021-07-25	B02	0.0166
2021-07-25	B03	0.0314
2021-07-25	B04	0.02316666666666666
2021-07-25	B05	0.02736666666666666
2021-07-25	B06	0.02036666666666667
2021-07-25	B07	0.0204
2021-07-25	B08	0.02026666666666666
2021-07-25	B8A	0.02133333333333333
2021-07-25	B11	0.02723333333333333
2021-07-25	B12	0.02106666666666666
2021-07-30	B01	0.01533333333333333
2021-07-30	B02	0.01263333333333333
2021-07-30	B03	0.02343333333333333
2021-07-30	B04	0.01583333333333333
2021-07-30	B05	0.0226
2021-07-30	B06	0.011
2021-07-30	B07	0.01253333333333333
2021-07-30	B08	0.01636666666666666
2021-07-30	B8A	0.0148
2021-07-30	B11	0.01906666666666666
2021-07-30	B12	0.01296666666666666
2021-08-04	B01	0.4575666666666667
2021-08-04	B02	0.4550666666666667
2021-08-04	B03	0.4629333333333333
2021-08-04	B04	0.4548
2021-08-04	B05	0.4543333333333333
2021-08-04	B06	0.4720666666666667
2021-08-04	B07	0.4845333333333333
2021-08-04	B08	0.5302666666666667
2021-08-04	B8A	0.4966
2021-08-04	B11	0.23676666666666668
2021-08-04	B12	0.24763333333333337
2021-08-09	B01	0.8187
2021-08-09	B02	0.9549333333333332
2021-08-09	B03	0.8269333333333333
2021-08-09	B04	0.8317333333333333
2021-08-09	B05	0.8581333333333333
2021-08-09	B06	0.8279
2021-08-09	B07	0.8376333333333333
2021-08-09	B08	0.8101333333333334
2021-08-09	B8A	0.8303333333333334
2021-08-09	B11	0.5617666666666666
2021-08-09	B12	0.40913333333333335
2021-08-14	B01	0.05169999999999999
2021-08-14	B02	0.04116666666666666
2021-08-14	B03	0.05346666666666667
2021-08-14	B04	0.038
2021-08-14	B05	0.04726666666666666
2021-08-14	B06	0.0416
2021-08-14	B07	0.0425
2021-08-14	B08	0.04273333333333333
2021-08-14	B8A	0.0422
2021-08-14	B11	0.03456666666666666
2021-08-14	B12	0.02503333333333333
2021-08-19	B01	0.06849999999999999
2021-08-19	B02	0.08033333333333334
2021-08-19	B03	0.08966666666666667
2021-08-19	B04	0.07186666666666666
2021-08-19	B05	0.08383333333333334
2021-08-19	B06	0.07496666666666667
2021-08-19	B07	0.0757
2021-08-19	B08	0.0692
2021-08-19	B8A	0.0623
2021-08-19	B11	0.0369
2021-08-19	B12	0.02373333333333333
2021-08-24	B01	0.217
2021-08-24	B02	0.21813333333333337
2021-08-24	B03	0.21
2021-08-24	B04	0.18486666666666665
2021-08-24	B05	0.21293333333333336
2021-08-24	B06	0.22533333333333333
2021-08-24	B07	0.22366666666666665
2021-08-24	B08	0.2402
2021-08-24	B8A	0.2138
2021-08-24	B11	0.18813333333333332
2021-08-24	B12	0.13446666666666668
2021-08-29	B01	0.02263333333333333
2021-08-29	B02	0.02216666666666666
2021-08-29	B03	0.04926666666666667
2021-08-29	B04	0.03006666666666666
2021-08-29	B05	0.04786666666666667
2021-08-29	B06	0.02043333333333333
2021-08-29	B07	0.02493333333333333
2021-08-29	B08	0.02046666666666666
2021-08-29	B8A	0.01866666666666666
2021-08-29	B11	0.02616666666666666
2021-08-29	B12	0.0183
2021-09-03	B01	0.21533333333333332
2021-09-03	B02	0.19946666666666668
2021-09-03	B03	0.1986
2021-09-03	B04	0.18626666666666664
2021-09-03	B05	0.21933333333333332
2021-09-03	B06	0.24226666666666663
2021-09-03	B07	0.25043333333333334
2021-09-03	B08	0.2428
2021-09-03	B8A	0.2554666666666667
2021-09-03	B11	0.2447
2021-09-03	B12	0.21063333333333337
2021-09-08	B01	0.4518333333333333
2021-09-08	B02	0.4348
2021-09-08	B03	0.4063333333333333
2021-09-08	B04	0.3752666666666667
2021-09-08	B05	0.39876666666666666
2021-09-08	B06	0.39743333333333336
2021-09-08	B07	0.3953
2021-09-08	B08	0.41373333333333334
2021-09-08	B8A	0.3898666666666667
2021-09-08	B11	0.1639
2021-09-08	B12	0.16656666666666667
2021-09-13	B01	0.3634
2021-09-13	B02	0.30113333333333336
2021-09-13	B03	0.29519999999999996
2021-09-13	B04	0.2738
2021-09-13	B05	0.2918
2021-09-13	B06	0.3350666666666667
2021-09-13	B07	0.3582666666666667
2021-09-13	B08	0.3635333333333333
2021-09-13	B8A	0.3747
2021-09-13	B11	0.2719
2021-09-13	B12	0.22123333333333337
2021-09-18	B01	0.05216666666666667
2021-09-18	B02	0.0621
2021-09-18	B03	0.0828
2021-09-18	B04	0.06006666666666667
2021-09-18	B05	0.0817
2021-09-18	B06	0.06043333333333333
2021-09-18	B07	0.06783333333333334
2021-09-18	B08	0.07403333333333333
2021-09-18	B8A	0.0617
2021-09-18	B11	0.06213333333333334
2021-09-18	B12	0.04876666666666666
2021-09-23	B01	0.09156666666666669
2021-09-23	B02	0.0778
2021-09-23	B03	0.102
2021-09-23	B04	0.08713333333333333
2021-09-23	B05	0.11253333333333332
2021-09-23	B06	0.11296666666666667
2021-09-23	B07	0.11756666666666668
2021-09-23	B08	0.11626666666666668
2021-09-23	B8A	0.1201
2021-09-23	B11	0.09946666666666666
2021-09-23	B12	0.0799
2021-09-28	B01	0.9385
2021-09-28	B02	0.98
2021-09-28	B03	0.9970666666666668
2021-09-28	B04	1.0008
2021-09-28	B05	0.9780333333333332
2021-09-28	B06	0.9736666666666668
2021-09-28	B07	0.9714
2021-09-28	B08	1.0488
2021-09-28	B8A	0.9458333333333332
2021-09-28	B11	0.2123
2021-09-28	B12	0.24466666666666667
2021-10-03	B01	0.10283333333333332
2021-10-03	B02	0.10523333333333332
2021-10-03	B03	0.12566666666666668
2021-10-03	B04	0.11053333333333332
2021-10-03	B05	0.14413333333333334
2021-10-03	B06	0.15923333333333334
2021-10-03	B07	0.16373333333333331
2021-10-03	B08	0.19993333333333332
2021-10-03	B8A	0.15793333333333334
2021-10-03	B11	0.14626666666666668
2021-10-03	B12	0.09913333333333334
2021-10-08	B01	1.1915
2021-10-08	B02	1.1074666666666668
2021-10-08	B03	1.0189333333333332
2021-10-08	B04	0.9624
2021-10-08	B05	1.0028333333333332
2021-10-08	B06	0.9341
2021-10-08	B07	0.9194
2021-10-08	B08	0.888
2021-10-08	B8A	0.8915
2021-10-08	B11	0.5268
2021-10-08	B12	0.49633333333333335
2021-10-13	B01	0.40896666666666665
2021-10-13	B02	0.34226666666666666
2021-10-13	B03	0.3078
2021-10-13	B04	0.28573333333333334
2021-10-13	B05	0.3439
2021-10-13	B06	0.38243333333333335
2021-10-13	B07	0.4026
2021-10-13	B08	0.3724
2021-10-13	B8A	0.41556666666666664
2021-10-13	B11	0.27226666666666666
2021-10-13	B12	0.2883
2021-10-18	B01	0.02943333333333333
2021-10-18	B02	0.0267
2021-10-18	B03	0.0555
2021-10-18	B04	0.0343
2021-10-18	B05	0.05486666666666667
2021-10-18	B06	0.0313
2021-10-18	B07	0.03739999999999999
2021-10-18	B08	0.03286666666666667
2021-10-18	B8A	0.03406666666666667
2021-10-18	B11	0.03476666666666667
2021-10-18	B12	0.02506666666666666
2021-10-23	B01	1.1918
2021-10-23	B02	1.1008
2021-10-23	B03	1.0282666666666669
2021-10-23	B04	0.9706666666666668
2021-10-23	B05	0.9953
2021-10-23	B06	0.9474333333333332
2021-10-23	B07	0.9348666666666666
2021-10-23	B08	0.9266666666666666
2021-10-23	B8A	0.8898333333333334
2021-10-23	B11	0.17936666666666667
2021-10-23	B12	0.0968
2021-10-28	B01	0.03523333333333333
2021-10-28	B02	0.02423333333333333
2021-10-28	B03	0.05963333333333333
2021-10-28	B04	0.02996666666666667
2021-10-28	B05	0.0516
2021-10-28	B06	0.02463333333333333
2021-10-28	B07	0.03423333333333333
2021-10-28	B08	0.02163333333333333
2021-10-28	B8A	0.0256
2021-10-28	B11	0.03003333333333333
2021-10-28	B12	0.02246666666666666
2021-11-02	B01	0.0459
2021-11-02	B02	0.03033333333333333
2021-11-02	B03	0.07173333333333333
2021-11-02	B04	0.03973333333333333
2021-11-02	B05	0.05656666666666667
2021-11-02	B06	0.0316
2021-11-02	B07	0.03736666666666666
2021-11-02	B08	0.0318
2021-11-02	B8A	0.0302
2021-11-02	B11	0.03123333333333333
2021-11-02	B12	0.02273333333333333
2021-11-07	B01	0.33866666666666667
2021-11-07	B02	0.3792666666666667
2021-11-07	B03	0.34573333333333334
2021-11-07	B04	0.307
2021-11-07	B05	0.33126666666666665
2021-11-07	B06	0.3671333333333333
2021-11-07	B07	0.38306666666666667
2021-11-07	B08	0.4216
2021-11-07	B8A	0.3799
2021-11-07	B11	0.31456666666666666
2021-11-07	B12	0.27163333333333334
2021-11-12	B01	0.04666666666666667
2021-11-12	B02	0.0513
2021-11-12	B03	0.07116666666666667
2021-11-12	B04	0.05963333333333333
2021-11-12	B05	0.06556666666666666
2021-11-12	B06	0.04743333333333333
2021-11-12	B07	0.05413333333333333
2021-11-12	B08	0.05563333333333333
2021-11-12	B8A	0.05163333333333333
2021-11-12	B11	0.05453333333333333
2021-11-12	B12	0.04483333333333333
2021-11-17	B01	1.0843666666666667
2021-11-17	B02	1.0261333333333331
2021-11-17	B03	0.9365333333333332
2021-11-17	B04	0.8658666666666667
2021-11-17	B05	0.9257333333333332
2021-11-17	B06	0.8688
2021-11-17	B07	0.8481666666666666
2021-11-17	B08	0.8656
2021-11-17	B8A	0.8213666666666667
2021-11-17	B11	0.5402
2021-11-17	B12	0.4017333333333334
2021-11-22	B01	0.0578
2021-11-22	B02	0.0545
2021-11-22	B03	0.08943333333333334
2021-11-22	B04	0.0629
2021-11-22	B05	0.0886
2021-11-22	B06	0.07976666666666667
2021-11-22	B07	0.0845
2021-11-22	B08	0.0814
2021-11-22	B8A	0.0823
2021-11-22	B11	0.08316666666666667
2021-11-22	B12	0.0625
2021-11-27	B01	0.0762
2021-11-27	B02	0.0982
2021-11-27	B03	0.13733333333333334
2021-11-27	B04	0.10853333333333332
2021-11-27	B05	0.13333333333333333
2021-11-27	B06	0.09423333333333334
2021-11-27	B07	0.09973333333333334
2021-11-27	B08	0.0972
2021-11-27	B8A	0.0982
2021-11-27	B11	0.09513333333333332
2021-11-27	B12	0.07993333333333333
2021-12-02	B01	0.07693333333333334
2021-12-02	B02	0.09516666666666666
2021-12-02	B03	0.127
2021-12-02	B04	0.11533333333333332
2021-12-02	B05	0.13040000000000002
2021-12-02	B06	0.10893333333333333
2021-12-02	B07	0.1161
2021-12-02	B08	0.0915
2021-12-02	B8A	0.10823333333333332
2021-12-02	B11	0.102
2021-12-02	B12	0.0913
2021-12-07	B01	0.0497
2021-12-07	B02	0.04953333333333333
2021-12-07	B03	0.0625
2021-12-07	B04	0.05599999999999999
2021-12-07	B05	0.0589
2021-12-07	B06	0.0493
2021-12-07	B07	0.0543
2021-12-07	B08	0.0501
2021-12-07	B8A	0.055
2021-12-07	B11	0.05876666666666667
2021-12-07	B12	0.04913333333333333
2021-12-12	B01	0.7927
2021-12-12	B02	0.5728
2021-12-12	B03	0.5761333333333334
2021-12-12	B04	0.5993333333333333
2021-12-12	B05	0.6663333333333333
2021-12-12	B06	0.6586666666666666
2021-12-12	B07	0.6476333333333333
2021-12-12	B08	0.5236
2021-12-12	B8A	0.6398666666666667
2021-12-12	B11	0.4736333333333333
2021-12-12	B12	0.4172
2021-12-17	B01	0.0762
2021-12-17	B02	0.1105
2021-12-17	B03	0.1478
2021-12-17	B04	0.12306666666666669
2021-12-17	B05	0.1399
2021-12-17	B06	0.11946666666666668
2021-12-17	B07	0.12769999999999998
2021-12-17	B08	0.11113333333333332
2021-12-17	B8A	0.12496666666666668
2021-12-17	B11	0.1098
2021-12-17	B12	0.0931
2021-12-22	B01	1.0337666666666667
2021-12-22	B02	0.8837333333333334
2021-12-22	B03	0.8018666666666666
2021-12-22	B04	0.7884
2021-12-22	B05	0.8698666666666667
2021-12-22	B06	0.8366333333333333
2021-12-22	B07	0.8084666666666667
2021-12-22	B08	0.7964
2021-12-22	B8A	0.7844
2021-12-22	B11	0.4869
2021-12-22	B12	0.40773333333333334
2021-12-27	B01	0.06433333333333333
2021-12-27	B02	0.0886
2021-12-27	B03	0.13213333333333332
2021-12-27	B04	0.10096666666666666
2021-12-27	B05	0.1474
2021-12-27	B06	0.1093
2021-12-27	B07	0.11413333333333334
2021-12-27	B08	0.10226666666666666
2021-12-27	B8A	0.10326666666666667
2021-12-27	B11	0.0913
2021-12-27	B12	0.07546666666666667
2022-01-01	B01	0.05223333333333333
2022-01-01	B02	0.05793333333333333
2022-01-01	B03	0.1143
2022-01-01	B04	0.06656666666666666
2022-01-01	B05	0.1320666666666667
2022-01-01	B06	0.08763333333333334
2022-01-01	B07	0.09296666666666668
2022-01-01	B08	0.0825
2022-01-01	B8A	0.07163333333333333
2022-01-01	B11	0.05243333333333334
2022-01-01	B12	0.04243333333333333
2022-01-06	B01	0.04206666666666667
2022-01-06	B02	0.04726666666666666
2022-01-06	B03	0.1005
2022-01-06	B04	0.05743333333333333
2022-01-06	B05	0.11673333333333331
2022-01-06	B06	0.07786666666666667
2022-01-06	B07	0.08716666666666667
2022-01-06	B08	0.07516666666666667
2022-01-06	B8A	0.07313333333333333
2022-01-06	B11	0.0602
2022-01-06	B12	0.04356666666666666
2022-01-11	B01	0.0468
2022-01-11	B02	0.03946666666666666
2022-01-11	B03	0.09903333333333332
2022-01-11	B04	0.04603333333333333
2022-01-11	B05	0.11666666666666668
2022-01-11	B06	0.07343333333333334
2022-01-11	B07	0.07776666666666666
2022-01-11	B08	0.06723333333333334
2022-01-11	B8A	0.05326666666666667
2022-01-11	B11	0.03329999999999999
2022-01-11	B12	0.02463333333333333
2022-01-16	B01	0.04219999999999999
2022-01-16	B02	0.0397
2022-01-16	B03	0.1029
2022-01-16	B04	0.05443333333333333
2022-01-16	B05	0.1283
2022-01-16	B06	0.0745
2022-01-16	B07	0.07996666666666667
2022-01-16	B08	0.06306666666666666
2022-01-16	B8A	0.05373333333333333
2022-01-16	B11	0.0455
2022-01-16	B12	0.03826666666666667
2022-01-21	B01	0.04396666666666667
2022-01-21	B02	0.03473333333333334
2022-01-21	B03	0.10693333333333334
2022-01-21	B04	0.04926666666666667
2022-01-21	B05	0.12703333333333333
2022-01-21	B06	0.06753333333333333
2022-01-21	B07	0.0728
2022-01-21	B08	0.0573
2022-01-21	B8A	0.04513333333333333
2022-01-21	B11	0.03193333333333333
2022-01-21	B12	0.02566666666666666
2022-01-26	B01	0.1586
2022-01-26	B02	0.148
2022-01-26	B03	0.18443333333333337
2022-01-26	B04	0.16193333333333332
2022-01-26	B05	0.2153
2022-01-26	B06	0.2022
2022-01-26	B07	0.20793333333333333
2022-01-26	B08	0.1634
2022-01-26	B8A	0.1871
2022-01-26	B11	0.1799
2022-01-26	B12	0.15636666666666665
2022-01-31	B01	0.1437
2022-01-31	B02	0.1358
2022-01-31	B03	0.1946
2022-01-31	B04	0.14343333333333333
2022-01-31	B05	0.2214
2022-01-31	B06	0.16393333333333332
2022-01-31	B07	0.1688
2022-01-31	B08	0.15623333333333334
2022-01-31	B8A	0.13553333333333334
2022-01-31	B11	0.1248
2022-01-31	B12	0.11913333333333331
2022-02-05	B01	0.14476666666666663
2022-02-05	B02	0.14163333333333333
2022-02-05	B03	0.2058
2022-02-05	B04	0.14543333333333333
2022-02-05	B05	0.23356666666666667
2022-02-05	B06	0.17656666666666665
2022-02-05	B07	0.18216666666666667
2022-02-05	B08	0.1633
2022-02-05	B8A	0.14546666666666666
2022-02-05	B11	0.12913333333333332
2022-02-05	B12	0.12043333333333334
2022-02-10	B01	0.1549
2022-02-10	B02	0.15023333333333333
2022-02-10	B03	0.2134666666666667
2022-02-10	B04	0.1537
2022-02-10	B05	0.22853333333333337
2022-02-10	B06	0.17186666666666667
2022-02-10	B07	0.1735
2022-02-10	B08	0.15910000000000002
2022-02-10	B8A	0.13883333333333334
2022-02-10	B11	0.12466666666666666
2022-02-10	B12	0.12043333333333334
2022-02-15	B01	0.15123333333333333
2022-02-15	B02	0.15073333333333333
2022-02-15	B03	0.2051333333333333
2022-02-15	B04	0.1493
2022-02-15	B05	0.22173333333333337
2022-02-15	B06	0.1705
2022-02-15	B07	0.17636666666666667
2022-02-15	B08	0.15856666666666666
2022-02-15	B8A	0.14513333333333334
2022-02-15	B11	0.13353333333333334
2022-02-15	B12	0.12356666666666669
2022-02-20	B01	2.8015
2022-02-20	B02	1.8271666666666664
2022-02-20	B03	1.5826666666666669
2022-02-20	B04	1.3093333333333337
2022-02-20	B05	1.4569666666666667
2022-02-20	B06	1.3383
2022-02-20	B07	1.2459333333333331
2022-02-20	B08	1.1429333333333334
2022-02-20	B8A	1.1246333333333334
2022-02-20	B11	0.6900999999999999
2022-02-20	B12	0.5653
2022-02-25	B01	0.1379
2022-02-25	B02	0.13093333333333332
2022-02-25	B03	0.16453333333333334
2022-02-25	B04	0.13246666666666665
2022-02-25	B05	0.17956666666666668
2022-02-25	B06	0.13493333333333332
2022-02-25	B07	0.1415
2022-02-25	B08	0.1259
2022-02-25	B8A	0.12113333333333332
2022-02-25	B11	0.12873333333333334
2022-02-25	B12	0.11956666666666668
2022-03-02	B01	0.2371
2022-03-02	B02	0.21026666666666663
2022-03-02	B03	0.23883333333333331
2022-03-02	B04	0.2232
2022-03-02	B05	0.28153333333333336
2022-03-02	B06	0.3098666666666667
2022-03-02	B07	0.32466666666666666
2022-03-02	B08	0.2496
2022-03-02	B8A	0.32126666666666664
2022-03-02	B11	0.2738
2022-03-02	B12	0.22923333333333337
2022-03-07	B01	0.1325666666666667
2022-03-07	B02	0.128
2022-03-07	B03	0.1606
2022-03-07	B04	0.1323
2022-03-07	B05	0.1819666666666667
2022-03-07	B06	0.14783333333333334
2022-03-07	B07	0.1552333333333333
2022-03-07	B08	0.1416
2022-03-07	B8A	0.13513333333333333
2022-03-07	B11	0.13373333333333334
2022-03-07	B12	0.12386666666666668
2022-03-12	B01	0.346
2022-03-12	B02	0.3586666666666667
2022-03-12	B03	0.3446666666666667
2022-03-12	B04	0.31553333333333333
2022-03-12	B05	0.3499
2022-03-12	B06	0.4078333333333333
2022-03-12	B07	0.4257666666666667
2022-03-12	B08	0.4514666666666667
2022-03-12	B8A	0.42746666666666666
2022-03-12	B11	0.3432
2022-03-12	B12	0.3040333333333333
2022-03-17	B01	0.4597333333333333
2022-03-17	B02	0.4528
2022-03-17	B03	0.4278666666666667
2022-03-17	B04	0.3967333333333333
2022-03-17	B05	0.4368666666666667
2022-03-17	B06	0.4680333333333333
2022-03-17	B07	0.47636666666666666
2022-03-17	B08	0.4958666666666667
2022-03-17	B8A	0.47223333333333334
2022-03-17	B11	0.2748
2022-03-17	B12	0.25983333333333336
2022-03-22	B01	1.0774666666666666
2022-03-22	B02	1.0856
2022-03-22	B03	1.1034666666666666
2022-03-22	B04	1.1205333333333334
2022-03-22	B05	1.1018666666666663
2022-03-22	B06	1.0983666666666667
2022-03-22	B07	1.0938
2022-03-22	B08	1.1677333333333333
2022-03-22	B8A	1.0765333333333331
2022-03-22	B11	0.33666666666666667
2022-03-22	B12	0.3811
2022-03-27	B01	0.12246666666666668
2022-03-27	B02	0.1267
2022-03-27	B03	0.1671
2022-03-27	B04	0.1323
2022-03-27	B05	0.2036
2022-03-27	B06	0.16866666666666666
2022-03-27	B07	0.17156666666666667
2022-03-27	B08	0.16106666666666666
2022-03-27	B8A	0.14723333333333333
2022-03-27	B11	0.12676666666666667
2022-03-27	B12	0.11623333333333334
2022-04-01	B01	0.1206
2022-04-01	B02	0.12053333333333334
2022-04-01	B03	0.1608
2022-04-01	B04	0.1308
2022-04-01	B05	0.19513333333333335
2022-04-01	B06	0.1586
2022-04-01	B07	0.16093333333333334
2022-04-01	B08	0.15773333333333334
2022-04-01	B8A	0.14396666666666666
2022-04-01	B11	0.12306666666666669
2022-04-01	B12	0.1152
2022-04-06	B01	0.3531
2022-04-06	B02	0.3472
2022-04-06	B03	0.3491333333333333
2022-04-06	B04	0.323
2022-04-06	B05	0.3592
2022-04-06	B06	0.40543333333333337
2022-04-06	B07	0.4255
2022-04-06	B08	0.4052
2022-04-06	B8A	0.42023333333333335
2022-04-06	B11	0.3540666666666667
2022-04-06	B12	0.3232333333333333
2022-04-11	B01	0.8845999999999999
2022-04-11	B02	0.8352
2022-04-11	B03	0.7864
2022-04-11	B04	0.7508
2022-04-11	B05	0.7543333333333333
2022-04-11	B06	0.7311333333333333
2022-04-11	B07	0.7294666666666667
2022-04-11	B08	0.7022666666666667
2022-04-11	B8A	0.7111333333333333
2022-04-11	B11	0.39
2022-04-11	B12	0.27846666666666664
2022-04-16	B01	0.12023333333333332
2022-04-16	B02	0.13046666666666668
2022-04-16	B03	0.17013333333333333
2022-04-16	B04	0.13316666666666666
2022-04-16	B05	0.20183333333333336
2022-04-16	B06	0.1751
2022-04-16	B07	0.1782
2022-04-16	B08	0.1712
2022-04-16	B8A	0.1513
2022-04-16	B11	0.1278
2022-04-16	B12	0.1163
2022-04-21	B01	1.1085
2022-04-21	B02	0.9312
2022-04-21	B03	0.8613333333333334
2022-04-21	B04	0.8426666666666667
2022-04-21	B05	0.9179666666666668
2022-04-21	B06	0.8706666666666667
2022-04-21	B07	0.8371
2022-04-21	B08	0.7876
2022-04-21	B8A	0.8066666666666666
2022-04-21	B11	0.36956666666666665
2022-04-21	B12	0.3685333333333333
2022-04-26	B01	0.26333333333333336
2022-04-26	B02	0.25466666666666665
2022-04-26	B03	0.2744666666666667
2022-04-26	B04	0.23653333333333337
2022-04-26	B05	0.30916666666666665
2022-04-26	B06	0.34153333333333336
2022-04-26	B07	0.3588
2022-04-26	B08	0.3459333333333333
2022-04-26	B8A	0.34456666666666663
2022-04-26	B11	0.2539
2022-04-26	B12	0.22716666666666668
2022-05-01	B01	1.0284333333333333
2022-05-01	B02	1.0488
2022-05-01	B03	1.0602666666666667
2022-05-01	B04	1.0810666666666666
2022-05-01	B05	1.0578
2022-05-01	B06	1.0627666666666666
2022-05-01	B07	1.072633333333333
2022-05-01	B08	1.1285333333333334
2022-05-01	B8A	1.0657
2022-05-01	B11	0.6291
2022-05-01	B12	0.42523333333333335
2022-05-06	B01	0.10903333333333332
2022-05-06	B02	0.11096666666666669
2022-05-06	B03	0.11436666666666666
2022-05-06	B04	0.1133
2022-05-06	B05	0.12966666666666665
2022-05-06	B06	0.11896666666666668
2022-05-06	B07	0.12506666666666666
2022-05-06	B08	0.125
2022-05-06	B8A	0.1195
2022-05-06	B11	0.1145
2022-05-06	B12	0.11003333333333334
2022-05-11	B01	0.1103
2022-05-11	B02	0.10396666666666668
2022-05-11	B03	0.1093
2022-05-11	B04	0.10943333333333333
2022-05-11	B05	0.12753333333333333
2022-05-11	B06	0.12836666666666666
2022-05-11	B07	0.1331
2022-05-11	B08	0.12843333333333334
2022-05-11	B8A	0.11853333333333334
2022-05-11	B11	0.1144
2022-05-11	B12	0.10963333333333332
2022-05-16	B01	0.1044
2022-05-16	B02	0.10416666666666669
2022-05-16	B03	0.1077
2022-05-16	B04	0.10803333333333331
2022-05-16	B05	0.1268
2022-05-16	B06	0.11926666666666666
2022-05-16	B07	0.11826666666666669
2022-05-16	B08	0.1183
2022-05-16	B8A	0.11466666666666668
2022-05-16	B11	0.11623333333333331
2022-05-16	B12	0.11146666666666666
2022-05-21	B01	0.10763333333333332
2022-05-21	B02	0.10033333333333332
2022-05-21	B03	0.1092
2022-05-21	B04	0.10993333333333331
2022-05-21	B05	0.124
2022-05-21	B06	0.1136
2022-05-21	B07	0.1123
2022-05-21	B08	0.11676666666666669
2022-05-21	B8A	0.11286666666666668
2022-05-21	B11	0.11886666666666666
2022-05-21	B12	0.116
2022-05-26	B01	1.2902
2022-05-26	B02	1.3826666666666667
2022-05-26	B03	1.2136
2022-05-26	B04	1.086666666666667
2022-05-26	B05	1.1176666666666666
2022-05-26	B06	0.9908
2022-05-26	B07	0.9160333333333334
2022-05-26	B08	1.0408
2022-05-26	B8A	0.8399333333333333
2022-05-26	B11	0.5891666666666666
2022-05-26	B12	0.4114333333333333
2022-05-31	B01	0.4874
2022-05-31	B02	0.4534666666666667
2022-05-31	B03	0.4508
2022-05-31	B04	0.4457333333333333
2022-05-31	B05	0.47806666666666664
2022-05-31	B06	0.5150333333333333
2022-05-31	B07	0.5154000000000001
2022-05-31	B08	0.5342666666666667
2022-05-31	B8A	0.5156999999999999
2022-05-31	B11	0.4839
2022-05-31	B12	0.47596666666666665
2022-06-05	B01	0.3803
2022-06-05	B02	0.39026666666666665
2022-06-05	B03	0.3685333333333333
2022-06-05	B04	0.3512
2022-06-05	B05	0.3715
2022-06-05	B06	0.3839666666666667
2022-06-05	B07	0.3845666666666666
2022-06-05	B08	0.4073333333333333
2022-06-05	B8A	0.3801333333333333
2022-06-05	B11	0.3015
2022-06-05	B12	0.2778333333333334
2022-06-10	B01	0.1979
2022-06-10	B02	0.17876666666666666
2022-06-10	B03	0.1633
2022-06-10	B04	0.15516666666666667
2022-06-10	B05	0.1774
2022-06-10	B06	0.19963333333333333
2022-06-10	B07	0.2018
2022-06-10	B08	0.21656666666666663
2022-06-10	B8A	0.20366666666666663
2022-06-10	B11	0.18343333333333336
2022-06-10	B12	0.1706
2022-06-15	B01	0.10153333333333334
2022-06-15	B02	0.1023
2022-06-15	B03	0.10716666666666666
2022-06-15	B04	0.10716666666666666
2022-06-15	B05	0.1188
2022-06-15	B06	0.11023333333333334
2022-06-15	B07	0.10953333333333332
2022-06-15	B08	0.11006666666666667
2022-06-15	B8A	0.10713333333333332
2022-06-15	B11	0.11433333333333331
2022-06-15	B12	0.11026666666666668
2022-06-20	B01	0.1125
2022-06-20	B02	0.1173
2022-06-20	B03	0.1213
2022-06-20	B04	0.11776666666666669
2022-06-20	B05	0.13316666666666668
2022-06-20	B06	0.12123333333333332
2022-06-20	B07	0.12323333333333332
2022-06-20	B08	0.13366666666666668
2022-06-20	B8A	0.12133333333333332
2022-06-20	B11	0.11856666666666668
2022-06-20	B12	0.11513333333333334
2022-06-25	B01	0.8845333333333333
2022-06-25	B02	0.8906666666666667
2022-06-25	B03	0.9
2022-06-25	B04	0.8989333333333334
2022-06-25	B05	0.8522000000000001
2022-06-25	B06	0.857
2022-06-25	B07	0.8853666666666666
2022-06-25	B08	0.9072
2022-06-25	B8A	0.8786
2022-06-25	B11	0.6853
2022-06-25	B12	0.5670333333333334
2022-06-30	B01	0.10273333333333334
2022-06-30	B02	0.1
2022-06-30	B03	0.10923333333333334
2022-06-30	B04	0.1104
2022-06-30	B05	0.11826666666666669
2022-06-30	B06	0.11356666666666666
2022-06-30	B07	0.1131
2022-06-30	B08	0.11253333333333332
2022-06-30	B8A	0.1124
2022-06-30	B11	0.112
2022-06-30	B12	0.10856666666666666
2022-07-05	B01	1.0758333333333334
2022-07-05	B02	0.9773333333333332
2022-07-05	B03	0.8821333333333333
2022-07-05	B04	0.8314666666666667
2022-07-05	B05	0.8373333333333334
2022-07-05	B06	0.8279666666666666
2022-07-05	B07	0.8474666666666667
2022-07-05	B08	0.8258666666666666
2022-07-05	B8A	0.8335
2022-07-05	B11	0.5797
2022-07-05	B12	0.5247
2022-07-10	B01	0.38526666666666665
2022-07-10	B02	0.35113333333333335
2022-07-10	B03	0.3456
2022-07-10	B04	0.32913333333333333
2022-07-10	B05	0.3355666666666667
2022-07-10	B06	0.3807
2022-07-10	B07	0.3987333333333334
2022-07-10	B08	0.4096
2022-07-10	B8A	0.40536666666666665
2022-07-10	B11	0.2887
2022-07-10	B12	0.25743333333333335
2022-07-15	B01	0.1119
2022-07-15	B02	0.12066666666666669
2022-07-15	B03	0.12826666666666667
2022-07-15	B04	0.12616666666666665
2022-07-15	B05	0.1262666666666667
2022-07-15	B06	0.1293
2022-07-15	B07	0.13593333333333332
2022-07-15	B08	0.1351
2022-07-15	B8A	0.13546666666666665
2022-07-15	B11	0.13626666666666667
2022-07-15	B12	0.12566666666666665
2022-07-20	B01	0.09686666666666668
2022-07-20	B02	0.09763333333333334
2022-07-20	B03	0.10623333333333332
2022-07-20	B04	0.10816666666666666
2022-07-20	B05	0.10473333333333332
2022-07-20	B06	0.106
2022-07-20	B07	0.11063333333333332
2022-07-20	B08	0.11233333333333334
2022-07-20	B8A	0.1104
2022-07-20	B11	0.11963333333333334
2022-07-20	B12	0.114
2022-07-25	B01	0.1269
2022-07-25	B02	0.12696666666666667
2022-07-25	B03	0.12603333333333333
2022-07-25	B04	0.1209
2022-07-25	B05	0.11986666666666666
2022-07-25	B06	0.12196666666666668
2022-07-25	B07	0.13126666666666667
2022-07-25	B08	0.12623333333333334
2022-07-25	B8A	0.12686666666666666
2022-07-25	B11	0.12296666666666668
2022-07-25	B12	0.11473333333333334
2022-07-30	B01	0.11566666666666668
2022-07-30	B02	0.10966666666666666
2022-07-30	B03	0.11566666666666668
2022-07-30	B04	0.1151
2022-07-30	B05	0.1203
2022-07-30	B06	0.1203
2022-07-30	B07	0.12636666666666663
2022-07-30	B08	0.1291
2022-07-30	B8A	0.12873333333333334
2022-07-30	B11	0.12823333333333334
2022-07-30	B12	0.12116666666666669
2022-08-04	B01	1.1052333333333333
2022-08-04	B02	1.0242666666666669
2022-08-04	B03	0.9538666666666666
2022-08-04	B04	0.9197333333333332
2022-08-04	B05	0.8506666666666667
2022-08-04	B06	0.8541333333333333
2022-08-04	B07	0.8800666666666667
2022-08-04	B08	0.8904000000000001
2022-08-04	B8A	0.8754000000000001
2022-08-04	B11	0.5997333333333333
2022-08-04	B12	0.45886666666666664
2022-08-09	B01	0.4143333333333334
2022-08-09	B02	0.3782666666666667
2022-08-09	B03	0.35259999999999997
2022-08-09	B04	0.32693333333333335
2022-08-09	B05	0.3431
2022-08-09	B06	0.3729
2022-08-09	B07	0.37443333333333334
2022-08-09	B08	0.4079333333333333
2022-08-09	B8A	0.3749
2022-08-09	B11	0.3212
2022-08-09	B12	0.27886666666666665
2022-08-14	B01	0.1207
2022-08-14	B02	0.12106666666666668
2022-08-14	B03	0.13436666666666666
2022-08-14	B04	0.12343333333333333
2022-08-14	B05	0.1326
2022-08-14	B06	0.1228
2022-08-14	B07	0.12813333333333332
2022-08-14	B08	0.126
2022-08-14	B8A	0.1252666666666667
2022-08-14	B11	0.1242
2022-08-14	B12	0.11483333333333332
2022-08-19	B01	0.12293333333333333
2022-08-19	B02	0.116
2022-08-19	B03	0.13203333333333334
2022-08-19	B04	0.1232
2022-08-19	B05	0.1365
2022-08-19	B06	0.1262
2022-08-19	B07	0.12516666666666668
2022-08-19	B08	0.12906666666666666
2022-08-19	B8A	0.12426666666666666
2022-08-19	B11	0.1192
2022-08-19	B12	0.11263333333333334
2022-08-24	B01	0.12196666666666668
2022-08-24	B02	0.13
2022-08-24	B03	0.15873333333333334
2022-08-24	B04	0.1347
2022-08-24	B05	0.1666
2022-08-24	B06	0.1407
2022-08-24	B07	0.1427
2022-08-24	B08	0.13796666666666663
2022-08-24	B8A	0.1306
2022-08-24	B11	0.1241
2022-08-24	B12	0.11633333333333332
2022-08-29	B01	0.12046666666666668
2022-08-29	B02	0.11856666666666668
2022-08-29	B03	0.122
2022-08-29	B04	0.11796666666666666
2022-08-29	B05	0.1244
2022-08-29	B06	0.12363333333333332
2022-08-29	B07	0.12533333333333335
2022-08-29	B08	0.12473333333333332
2022-08-29	B8A	0.12166666666666666
2022-08-29	B11	0.11243333333333332
2022-08-29	B12	0.10936666666666668
2022-09-03	B01	0.1204
2022-09-03	B02	0.11533333333333332
2022-09-03	B03	0.12493333333333334
2022-09-03	B04	0.1192
2022-09-03	B05	0.13019999999999998
2022-09-03	B06	0.1179
2022-09-03	B07	0.12056666666666668
2022-09-03	B08	0.1224
2022-09-03	B8A	0.12293333333333334
2022-09-03	B11	0.12026666666666666
2022-09-03	B12	0.11353333333333332
2022-09-08	B01	0.14603333333333332
2022-09-08	B02	0.1594
2022-09-08	B03	0.1925
2022-09-08	B04	0.1703
2022-09-08	B05	0.1782
2022-09-08	B06	0.15693333333333334
2022-09-08	B07	0.1427
2022-09-08	B08	0.1320666666666667
2022-09-08	B8A	0.123
2022-09-08	B11	0.108
2022-09-08	B12	0.10623333333333332
2022-09-13	B01	0.1249
2022-09-13	B02	0.12453333333333332
2022-09-13	B03	0.14866666666666667
2022-09-13	B04	0.13313333333333333
2022-09-13	B05	0.15483333333333332
2022-09-13	B06	0.13083333333333333
2022-09-13	B07	0.13483333333333333
2022-09-13	B08	0.1314
2022-09-13	B8A	0.1245
2022-09-13	B11	0.12356666666666669
2022-09-13	B12	0.11783333333333332
2022-09-18	B01	0.1618
2022-09-18	B02	0.17486666666666667
2022-09-18	B03	0.22986666666666664
2022-09-18	B04	0.1871
2022-09-18	B05	0.2326
2022-09-18	B06	0.18656666666666663
2022-09-18	B07	0.18836666666666663
2022-09-18	B08	0.1856
2022-09-18	B8A	0.16456666666666667
2022-09-18	B11	0.1633
2022-09-18	B12	0.1394
2022-09-23	B01	0.13383333333333333
2022-09-23	B02	0.1405
2022-09-23	B03	0.1947
2022-09-23	B04	0.15753333333333333
2022-09-23	B05	0.19646666666666668
2022-09-23	B06	0.14923333333333333
2022-09-23	B07	0.1517
2022-09-23	B08	0.14473333333333332
2022-09-23	B8A	0.13336666666666666
2022-09-23	B11	0.1235
2022-09-23	B12	0.11656666666666668
2022-09-28	B01	0.45003333333333334
2022-09-28	B02	0.4027333333333334
2022-09-28	B03	0.4068
2022-09-28	B04	0.3866
2022-09-28	B05	0.4216666666666667
2022-09-28	B06	0.4403666666666667
2022-09-28	B07	0.4485
2022-09-28	B08	0.45426666666666665
2022-09-28	B8A	0.4519666666666667
2022-09-28	B11	0.29846666666666666
2022-09-28	B12	0.2854
2022-10-03	B01	0.13476666666666667
2022-10-03	B02	0.1451
2022-10-03	B03	0.21786666666666665
2022-10-03	B04	0.1774
2022-10-03	B05	0.21923333333333336
2022-10-03	B06	0.1576
2022-10-03	B07	0.1585
2022-10-03	B08	0.15443333333333334
2022-10-03	B8A	0.14036666666666667
2022-10-03	B11	0.12573333333333334
2022-10-03	B12	0.1186
2022-10-08	B01	0.138
2022-10-08	B02	0.15043333333333334
2022-10-08	B03	0.2216
2022-10-08	B04	0.1714
2022-10-08	B05	0.21563333333333332
2022-10-08	B06	0.16326666666666667
2022-10-08	B07	0.17053333333333334
2022-10-08	B08	0.1626
2022-10-08	B8A	0.1479
2022-10-08	B11	0.13066666666666665
2022-10-08	B12	0.1204
2022-10-13	B01	0.138
2022-10-13	B02	0.15043333333333334
2022-10-13	B03	0.2216
2022-10-13	B04	0.1714
2022-10-13	B05	0.21563333333333332
2022-10-13	B06	0.16326666666666667
2022-10-13	B07	0.17053333333333334
2022-10-13	B08	0.1626
2022-10-13	B8A	0.1479
2022-10-13	B11	0.13066666666666665
2022-10-13	B12	0.1204
2022-10-18	B01	0.13923333333333335
2022-10-18	B02	0.14303333333333332
2022-10-18	B03	0.2108
2022-10-18	B04	0.1715
2022-10-18	B05	0.20533333333333337
2022-10-18	B06	0.15310000000000001
2022-10-18	B07	0.15916666666666668
2022-10-18	B08	0.15193333333333334
2022-10-18	B8A	0.1378666666666667
2022-10-18	B11	0.12413333333333332
2022-10-18	B12	0.11786666666666666
2022-10-23	B01	0.1471
2022-10-23	B02	0.15336666666666668
2022-10-23	B03	0.22153333333333333
2022-10-23	B04	0.1799
2022-10-23	B05	0.20683333333333337
2022-10-23	B06	0.1552
2022-10-23	B07	0.16233333333333333
2022-10-23	B08	0.15113333333333334
2022-10-23	B8A	0.1422
2022-10-23	B11	0.13146666666666668
2022-10-23	B12	0.12236666666666668
2022-10-28	B01	0.14186666666666667
2022-10-28	B02	0.1459
2022-10-28	B03	0.19576666666666667
2022-10-28	B04	0.17293333333333333
2022-10-28	B05	0.18483333333333335
2022-10-28	B06	0.14866666666666667
2022-10-28	B07	0.155
2022-10-28	B08	0.15053333333333332
2022-10-28	B8A	0.14546666666666666
2022-10-28	B11	0.13496666666666665
2022-10-28	B12	0.12593333333333334
2022-11-02	B01	0.13333333333333333
2022-11-02	B02	0.13163333333333332
2022-11-02	B03	0.164
2022-11-02	B04	0.1421
2022-11-02	B05	0.16586666666666666
2022-11-02	B06	0.1354
2022-11-02	B07	0.13476666666666667
2022-11-02	B08	0.13383333333333333
2022-11-02	B8A	0.13186666666666666
2022-11-02	B11	0.12776666666666667
2022-11-02	B12	0.11926666666666667
2022-11-12	B01	0.2609
2022-11-12	B02	0.2692
2022-11-12	B03	0.2803333333333333
2022-11-12	B04	0.2664666666666667
2022-11-12	B05	0.277
2022-11-12	B06	0.30136666666666667
2022-11-12	B07	0.3280666666666667
2022-11-12	B08	0.3404
2022-11-12	B8A	0.3389666666666667
2022-11-12	B11	0.24493333333333336
2022-11-12	B12	0.21333333333333332
2022-11-17	B01	0.1687
2022-11-17	B02	0.1691
2022-11-17	B03	0.218
2022-11-17	B04	0.19493333333333335
2022-11-17	B05	0.2122
2022-11-17	B06	0.17886666666666667
2022-11-17	B07	0.18213333333333337
2022-11-17	B08	0.17346666666666666
2022-11-17	B8A	0.17756666666666668
2022-11-17	B11	0.171
2022-11-17	B12	0.161
2022-11-22	B01	0.1412
2022-11-22	B02	0.14236666666666667
2022-11-22	B03	0.1545
2022-11-22	B04	0.14796666666666666
2022-11-22	B05	0.16123333333333334
2022-11-22	B06	0.1453
2022-11-22	B07	0.14766666666666667
2022-11-22	B08	0.14533333333333334
2022-11-22	B8A	0.13906666666666667
2022-11-22	B11	0.13953333333333334
2022-11-22	B12	0.13216666666666663
2022-11-27	B01	0.15123333333333333
2022-11-27	B02	0.13826666666666668
2022-11-27	B03	0.1664
2022-11-27	B04	0.15206666666666666
2022-11-27	B05	0.16433333333333333
2022-11-27	B06	0.14413333333333334
2022-11-27	B07	0.14936666666666668
2022-11-27	B08	0.13916666666666666
2022-11-27	B8A	0.14746666666666666
2022-11-27	B11	0.1474
2022-11-27	B12	0.13946666666666666
2022-12-02	B01	0.14366666666666666
2022-12-02	B02	0.1399
2022-12-02	B03	0.15276666666666666
2022-12-02	B04	0.13853333333333334
2022-12-02	B05	0.14966666666666667
2022-12-02	B06	0.1345
2022-12-02	B07	0.1409
2022-12-02	B08	0.13433333333333333
2022-12-02	B8A	0.13873333333333332
2022-12-02	B11	0.13853333333333334
2022-12-02	B12	0.1283
2022-12-07	B01	0.14936666666666668
2022-12-07	B02	0.1321
2022-12-07	B03	0.1565
2022-12-07	B04	0.13496666666666668
2022-12-07	B05	0.1418
2022-12-07	B06	0.123
2022-12-07	B07	0.1275
2022-12-07	B08	0.12333333333333332
2022-12-07	B8A	0.12366666666666667
2022-12-07	B11	0.12733333333333333
2022-12-07	B12	0.1216
2022-12-22	B01	0.15796666666666667
2022-12-22	B02	0.16776666666666668
2022-12-22	B03	0.20516666666666664
2022-12-22	B04	0.1824
2022-12-22	B05	0.19076666666666667
2022-12-22	B06	0.17216666666666666
2022-12-22	B07	0.1815
2022-12-22	B08	0.167
2022-12-22	B8A	0.17656666666666668
2022-12-22	B11	0.16796666666666668
2022-12-22	B12	0.1574
2023-01-01	B01	0.16543333333333332
2023-01-01	B02	0.1704
2023-01-01	B03	0.20393333333333333
2023-01-01	B04	0.17976666666666669
2023-01-01	B05	0.20253333333333332
2023-01-01	B06	0.17303333333333332
2023-01-01	B07	0.1788
2023-01-01	B08	0.16456666666666667
2023-01-01	B8A	0.17166666666666666
2023-01-01	B11	0.17666666666666667
2023-01-01	B12	0.1632333333333333
2023-01-06	B01	0.15006666666666668
2023-01-06	B02	0.1401
2023-01-06	B03	0.16876666666666668
2023-01-06	B04	0.14783333333333332
2023-01-06	B05	0.1541
2023-01-06	B06	0.13486666666666666
2023-01-06	B07	0.14063333333333333
2023-01-06	B08	0.13596666666666668
2023-01-06	B8A	0.13456666666666667
2023-01-06	B11	0.131
2023-01-06	B12	0.12183333333333332
