fecha	param	LR1	LR2	LR3	LT
2021-01-01	B01	0.0381	0.049	0.028	0.0535
2021-01-01	B02	0.0369	0.029	0.0198	0.0774
2021-01-01	B03	0.0503	0.0431	0.0301	0.0963
2021-01-01	B04	0.0429	0.0337	0.0217	0.1128
2021-01-01	B05	0.05	0.0436	0.0326	0.1087
2021-01-01	B06	0.0445	0.0514	0.0259	0.0775
2021-01-01	B07	0.0487	0.0454	0.0332	0.0773
2021-01-01	B08	0.0421	0.0357	0.0225	0.0767
2021-01-01	B8A	0.0443	0.058	0.0252	0.0665
2021-01-01	B11	0.0507	0.0626	0.0443	0.0588
2021-01-01	B12	0.0435	0.0449	0.0314	0.0497
2021-01-06	B01	0.1285	0.1506	0.1421	0.046
2021-01-06	B02	0.1312	0.1466	0.1366	0.0434
2021-01-06	B03	0.135	0.1558	0.1534	0.0638
2021-01-06	B04	0.1292	0.1322	0.1328	0.0774
2021-01-06	B05	0.1572	0.1665	0.1658	0.0776
2021-01-06	B06	0.1875	0.1906	0.1986	0.0384
2021-01-06	B07	0.1831	0.198	0.2032	0.041
2021-01-06	B08	0.2	0.2266	0.214	0.0342
2021-01-06	B8A	0.1841	0.2177	0.2028	0.0306
2021-01-06	B11	0.1723	0.1762	0.1773	0.0321
2021-01-06	B12	0.1248	0.1444	0.1396	0.022
2021-01-11	B01	0.0617	0.0732	0.0673	0.0706
2021-01-11	B02	0.0666	0.0623	0.0559	0.1054
2021-01-11	B03	0.0747	0.0761	0.068	0.151
2021-01-11	B04	0.0637	0.0659	0.0637	0.2024
2021-01-11	B05	0.0771	0.0838	0.0849	0.2171
2021-01-11	B06	0.0818	0.0903	0.0907	0.1546
2021-01-11	B07	0.0889	0.1062	0.0976	0.1711
2021-01-11	B08	0.0947	0.1008	0.0874	0.1402
2021-01-11	B8A	0.095	0.1105	0.1013	0.1279
2021-01-11	B11	0.0917	0.1084	0.1034	0.0562
2021-01-11	B12	0.0733	0.0793	0.0764	0.0516
2021-01-16	B01	0.7732	0.7744	0.8114	0.459
2021-01-16	B02	0.7328	0.7328	0.7388	0.418
2021-01-16	B03	0.6984	0.6968	0.6992	0.3982
2021-01-16	B04	0.6688	0.6528	0.664	0.3752
2021-01-16	B05	0.6892	0.6777	0.6868	0.4277
2021-01-16	B06	0.6911	0.6814	0.6905	0.4448
2021-01-16	B07	0.6995	0.6921	0.7023	0.4522
2021-01-16	B08	0.6524	0.6616	0.6568	0.4444
2021-01-16	B8A	0.6931	0.6922	0.7068	0.4413
2021-01-16	B11	0.4088	0.4034	0.4056	0.1854
2021-01-16	B12	0.367	0.3662	0.3671	0.1801
2021-01-21	B01	0.0716	0.0755	0.0662	0.0968
2021-01-21	B02	0.0701	0.0693	0.0619	0.1228
2021-01-21	B03	0.0767	0.0783	0.0684	0.1656
2021-01-21	B04	0.0542	0.0587	0.0484	0.216
2021-01-21	B05	0.0693	0.0754	0.0687	0.2345
2021-01-21	B06	0.0667	0.0766	0.0644	0.2055
2021-01-21	B07	0.0686	0.078	0.0666	0.2196
2021-01-21	B08	0.0617	0.0653	0.0545	0.1924
2021-01-21	B8A	0.0549	0.0854	0.0535	0.1821
2021-01-21	B11	0.0347	0.0558	0.0406	0.0329
2021-01-21	B12	0.0288	0.0354	0.028	0.0254
2021-01-26	B01	0.8719	0.8667	0.8691	0.8834
2021-01-26	B02	0.8464	0.8464	0.8568	0.8712
2021-01-26	B03	0.8792	0.884	0.8872	0.8904
2021-01-26	B04	0.888	0.8936	0.8976	0.8976
2021-01-26	B05	0.8558	0.857	0.8606	0.8656
2021-01-26	B06	0.865	0.8668	0.863	0.8743
2021-01-26	B07	0.8753	0.8722	0.8693	0.8887
2021-01-26	B08	0.8904	0.8968	0.8992	0.9192
2021-01-26	B8A	0.8672	0.8662	0.8593	0.8842
2021-01-26	B11	0.169	0.1724	0.167	0.2168
2021-01-26	B12	0.184	0.1832	0.1716	0.2404
2021-01-31	B01	0.4906	0.5015	0.497	0.5324
2021-01-31	B02	0.502	0.5024	0.504	0.5248
2021-01-31	B03	0.4816	0.4816	0.4876	0.5072
2021-01-31	B04	0.4564	0.4592	0.4652	0.4852
2021-01-31	B05	0.4825	0.4901	0.503	0.5253
2021-01-31	B06	0.5167	0.5238	0.5357	0.5445
2021-01-31	B07	0.5361	0.5476	0.561	0.5701
2021-01-31	B08	0.5068	0.5136	0.5236	0.5312
2021-01-31	B8A	0.5366	0.5471	0.5624	0.5642
2021-01-31	B11	0.4687	0.4903	0.5041	0.4716
2021-01-31	B12	0.4171	0.436	0.4405	0.399
2021-02-05	B01	0.0089	0.0156	0.0148	0.0634
2021-02-05	B02	1e-4	0.0012	1e-4	0.0854
2021-02-05	B03	0.0083	0.0064	0.0081	0.1418
2021-02-05	B04	0.0049	0.0057	0.0066	0.2076
2021-02-05	B05	0.0058	0.0077	0.0098	0.2212
2021-02-05	B06	1e-4	0.0073	1e-4	0.17
2021-02-05	B07	1e-4	0.006	0.0013	0.1783
2021-02-05	B08	0.002	0.003	0.0067	0.16
2021-02-05	B8A	NA	0.0023	0.0078	0.1426
2021-02-05	B11	0.0179	0.0221	0.0197	0.0162
2021-02-05	B12	0.0133	0.015	0.0168	0.0133
2021-02-10	B01	0.7704	0.7927	0.7825	0.6737
2021-02-10	B02	0.6924	0.754	0.7752	0.6456
2021-02-10	B03	0.6048	0.706	0.7212	0.62
2021-02-10	B04	0.5704	0.6564	0.6952	0.5824
2021-02-10	B05	0.6515	0.7209	0.7506	0.6522
2021-02-10	B06	0.6604	0.6832	0.7041	0.6402
2021-02-10	B07	0.6638	0.6582	0.6808	0.6291
2021-02-10	B08	0.6244	0.6924	0.69	0.6188
2021-02-10	B8A	0.6457	0.6385	0.6476	0.6113
2021-02-10	B11	0.5	0.527	0.5451	0.5098
2021-02-10	B12	0.4511	0.4459	0.4513	0.4615
2021-02-15	B01	0.0206	0.031	0.0262	0.06
2021-02-15	B02	0.0083	0.0154	0.0153	0.0735
2021-02-15	B03	0.0155	0.0209	0.0206	0.1224
2021-02-15	B04	0.0097	0.0167	0.0158	0.1744
2021-02-15	B05	0.0114	0.0282	0.0224	0.1942
2021-02-15	B06	0.0107	0.0197	0.0226	0.1383
2021-02-15	B07	0.0117	0.0222	0.0237	0.144
2021-02-15	B08	0.0106	0.0201	0.0201	0.1262
2021-02-15	B8A	0.0037	0.0311	0.0234	0.1079
2021-02-15	B11	0.0184	0.0322	0.0283	0.02
2021-02-15	B12	0.0115	0.0257	0.0235	0.0212
2021-02-20	B01	0.8262	0.8687	0.8719	0.2033
2021-02-20	B02	0.7076	0.6568	0.722	0.1494
2021-02-20	B03	0.6168	0.6276	0.6328	0.1694
2021-02-20	B04	0.6588	0.6588	0.644	0.1968
2021-02-20	B05	0.7646	0.7579	0.764	0.2432
2021-02-20	B06	0.7413	0.7472	0.7616	0.2854
2021-02-20	B07	0.7137	0.7296	0.7272	0.3004
2021-02-20	B08	0.6104	0.6148	0.6436	0.2442
2021-02-20	B8A	0.6865	0.7136	0.7053	0.2945
2021-02-20	B11	0.4744	0.4809	0.4836	0.2102
2021-02-20	B12	0.3932	0.4208	0.4028	0.1728
2021-02-25	B01	0.0347	0.0417	0.0386	0.0716
2021-02-25	B02	0.0224	0.0238	0.0227	0.0903
2021-02-25	B03	0.0311	0.0322	0.0323	0.145
2021-02-25	B04	0.0196	0.0205	0.0201	0.2052
2021-02-25	B05	0.0255	0.0307	0.0311	0.2192
2021-02-25	B06	0.0178	0.0402	0.0204	0.1829
2021-02-25	B07	0.0195	0.0404	0.0259	0.1973
2021-02-25	B08	0.0259	0.029	0.0297	0.1744
2021-02-25	B8A	0.028	0.0352	0.0383	0.1594
2021-02-25	B11	0.025	0.0351	0.0314	0.0266
2021-02-25	B12	0.0193	0.0247	0.0227	0.0218
2021-03-02	B01	0.0362	0.0456	0.0432	0.0758
2021-03-02	B02	0.0325	0.0321	0.0319	0.1056
2021-03-02	B03	0.0422	0.0426	0.0433	0.1566
2021-03-02	B04	0.0311	0.0324	0.0319	0.217
2021-03-02	B05	0.0419	0.0486	0.048	0.2358
2021-03-02	B06	0.0401	0.0482	0.0483	0.1972
2021-03-02	B07	0.0418	0.0709	0.0544	0.2114
2021-03-02	B08	0.0473	0.0484	0.0503	0.1882
2021-03-02	B8A	0.0546	0.0643	0.0587	0.1768
2021-03-02	B11	0.0452	0.059	0.0545	0.0364
2021-03-02	B12	0.0318	0.0438	0.0392	0.0283
2021-03-07	B01	0.0239	0.0334	0.025	0.0629
2021-03-07	B02	0.013	0.0135	0.0118	0.0842
2021-03-07	B03	0.0176	0.0178	0.0193	0.1384
2021-03-07	B04	0.0116	0.0139	0.0124	0.2034
2021-03-07	B05	0.0133	0.0229	0.017	0.2212
2021-03-07	B06	0.0148	0.0185	0.0171	0.1858
2021-03-07	B07	0.0033	0.029	0.0188	0.1944
2021-03-07	B08	0.0174	0.0205	0.0196	0.1804
2021-03-07	B8A	0.0202	0.0252	0.027	0.1646
2021-03-07	B11	0.0235	0.0316	0.0273	0.0207
2021-03-07	B12	0.0149	0.0206	0.0187	0.0138
2021-03-12	B01	0.0382	0.0484	0.0389	0.0793
2021-03-12	B02	0.0319	0.0319	0.0306	0.1058
2021-03-12	B03	0.0372	0.0396	0.0377	0.1536
2021-03-12	B04	0.0338	0.0345	0.0353	0.2126
2021-03-12	B05	0.0414	0.0506	0.0457	0.2284
2021-03-12	B06	0.0486	0.0607	0.0527	0.2088
2021-03-12	B07	0.0543	0.0721	0.0591	0.2219
2021-03-12	B08	0.0559	0.057	0.0608	0.2084
2021-03-12	B8A	0.0586	0.085	0.0635	0.1919
2021-03-12	B11	0.057	0.074	0.0637	0.052
2021-03-12	B12	0.0414	0.0534	0.0482	0.0399
2021-03-17	B01	0.6508	0.7028	0.6545	0.6812
2021-03-17	B02	0.6244	0.6888	0.7256	0.6144
2021-03-17	B03	0.598	0.6328	0.6676	0.564
2021-03-17	B04	0.5728	0.5884	0.6128	0.5368
2021-03-17	B05	0.5947	0.6301	0.6429	0.5563
2021-03-17	B06	0.6033	0.6324	0.6405	0.5386
2021-03-17	B07	0.599	0.6302	0.6289	0.5315
2021-03-17	B08	0.6136	0.6504	0.6664	0.5272
2021-03-17	B8A	0.5988	0.6218	0.6181	0.5218
2021-03-17	B11	0.4189	0.4384	0.439	0.2798
2021-03-17	B12	0.3548	0.3674	0.3638	0.2419
2021-03-22	B01	0.1911	0.1892	0.3584	0.2927
2021-03-22	B02	0.1694	0.17	0.3152	0.3248
2021-03-22	B03	0.177	0.1686	0.3032	0.3188
2021-03-22	B04	0.1766	0.1576	0.2812	0.3056
2021-03-22	B05	0.2078	0.1855	0.2803	0.3461
2021-03-22	B06	0.2329	0.2154	0.3159	0.3671
2021-03-22	B07	0.2401	0.2338	0.3303	0.3823
2021-03-22	B08	0.2316	0.2302	0.3684	0.3826
2021-03-22	B8A	0.2429	0.2397	0.3371	0.3752
2021-03-22	B11	0.2128	0.2007	0.2702	0.3091
2021-03-22	B12	0.1688	0.16	0.209	0.2543
2021-03-27	B01	0.8796	0.883	0.8829	0.9326
2021-03-27	B02	0.8888	0.888	0.888	0.9568
2021-03-27	B03	0.9072	0.9032	0.912	0.9768
2021-03-27	B04	0.9032	0.904	0.9128	0.9768
2021-03-27	B05	0.8752	0.8871	0.8826	0.9481
2021-03-27	B06	0.8837	0.8843	0.8881	0.949
2021-03-27	B07	0.8777	0.8843	0.8851	0.9569
2021-03-27	B08	0.9456	0.948	0.9496	1.0352
2021-03-27	B8A	0.8705	0.8779	0.8726	0.9448
2021-03-27	B11	0.2283	0.2304	0.2323	0.2663
2021-03-27	B12	0.2584	0.2624	0.2643	0.2983
2021-04-01	B01	0.0025	0.0077	0.0074	0.0511
2021-04-01	B02	0.0025	0.0012	0.0013	0.0839
2021-04-01	B03	0.0085	0.0097	0.0105	0.139
2021-04-01	B04	0.0063	0.0072	0.0085	0.2056
2021-04-01	B05	0.011	0.0152	0.0118	0.2163
2021-04-01	B06	0.0018	0.0108	0.0077	0.1714
2021-04-01	B07	0.0079	0.0076	0.0108	0.1807
2021-04-01	B08	0.0084	0.0103	0.0088	0.1614
2021-04-01	B8A	0.0052	0.0127	0.0095	0.1424
2021-04-01	B11	0.0154	0.029	0.0212	0.0203
2021-04-01	B12	0.0121	0.018	0.0142	0.0164
2021-04-06	B01	0.8794	0.8432	0.7509	0.8449
2021-04-06	B02	0.804	0.8012	0.714	0.7584
2021-04-06	B03	0.7248	0.7032	0.6476	0.696
2021-04-06	B04	0.66	0.6392	0.5972	0.6488
2021-04-06	B05	0.6959	0.6645	0.638	0.7235
2021-04-06	B06	0.6676	0.6334	0.6125	0.7155
2021-04-06	B07	0.6574	0.6184	0.5955	0.7007
2021-04-06	B08	0.6364	0.6288	0.5736	0.6684
2021-04-06	B8A	0.65	0.607	0.5822	0.7063
2021-04-06	B11	0.5068	0.4741	0.4526	0.5866
2021-04-06	B12	0.42	0.3817	0.3609	0.5318
2021-04-11	B01	0.7816	0.7936	0.7916	0.984
2021-04-11	B02	0.7452	0.7308	0.7428	0.9216
2021-04-11	B03	0.6884	0.6756	0.6812	0.8584
2021-04-11	B04	0.6416	0.6332	0.6312	0.7972
2021-04-11	B05	0.6873	0.6913	0.691	0.8756
2021-04-11	B06	0.6424	0.6501	0.6506	0.8256
2021-04-11	B07	0.6133	0.6207	0.6184	0.8003
2021-04-11	B08	0.6304	0.622	0.6292	0.808
2021-04-11	B8A	0.5903	0.5954	0.5939	0.7699
2021-04-11	B11	0.2317	0.2309	0.2288	0.3962
2021-04-11	B12	0.1994	0.2029	0.2008	0.3837
2021-04-16	B01	0.1037	0.1082	0.111	0.1955
2021-04-16	B02	0.0891	0.0857	0.0979	0.188
2021-04-16	B03	0.0913	0.0897	0.1032	0.193
2021-04-16	B04	0.0813	0.0811	0.0938	0.1938
2021-04-16	B05	0.0946	0.0946	0.1129	0.2159
2021-04-16	B06	0.0997	0.1039	0.1408	0.2451
2021-04-16	B07	0.1096	0.1094	0.1483	0.2668
2021-04-16	B08	0.1009	0.1013	0.1356	0.2518
2021-04-16	B8A	0.107	0.1153	0.1549	0.261
2021-04-16	B11	0.0789	0.0842	0.1069	0.176
2021-04-16	B12	0.0755	0.076	0.0943	0.1569
2021-04-21	B01	0.018	0.0123	0.0179	0.0608
2021-04-21	B02	0.0159	0.0292	0.027	0.0974
2021-04-21	B03	0.0199	0.0267	0.033	0.1556
2021-04-21	B04	0.0127	0.0225	0.0251	0.2202
2021-04-21	B05	0.0162	0.0307	0.0351	0.243
2021-04-21	B06	0.0122	0.0279	0.0402	0.21
2021-04-21	B07	0.0139	0.0263	0.0492	0.2264
2021-04-21	B08	0.0209	0.0494	0.0487	0.198
2021-04-21	B8A	0.017	0.0145	0.0393	0.1876
2021-04-21	B11	0.0196	0.0372	0.046	0.0412
2021-04-21	B12	0.0148	0.0189	0.0331	0.0296
2021-04-26	B01	0.0047	0.0116	0.0122	0.051
2021-04-26	B02	0.0023	0.0034	8e-4	0.08
2021-04-26	B03	0.0136	0.0166	0.0152	0.136
2021-04-26	B04	0.0089	0.0105	0.0095	0.204
2021-04-26	B05	0.0116	0.0191	0.0186	0.2174
2021-04-26	B06	0.0054	0.007	0.0098	0.1758
2021-04-26	B07	0.0052	0.0073	0.0131	0.185
2021-04-26	B08	0.0097	0.0099	0.0104	0.1718
2021-04-26	B8A	0.0012	0.0126	0.0116	0.1489
2021-04-26	B11	0.0153	0.0194	0.0159	0.0133
2021-04-26	B12	0.0105	0.0129	0.0135	0.0098
2021-05-01	B01	0.0044	0.0119	0.0107	0.0447
2021-05-01	B02	0.0077	0.0079	0.0088	0.0788
2021-05-01	B03	0.0168	0.0175	0.0169	0.1318
2021-05-01	B04	0.012	0.0103	0.0124	0.1926
2021-05-01	B05	0.0136	0.0168	0.0175	0.2071
2021-05-01	B06	0.0073	0.0088	0.013	0.1581
2021-05-01	B07	0.0102	0.0119	0.0135	0.1679
2021-05-01	B08	0.0092	0.0099	0.0121	0.1468
2021-05-01	B8A	0.0079	0.0162	0.0143	0.1276
2021-05-01	B11	0.0201	0.0261	0.0226	0.0197
2021-05-01	B12	0.0136	0.0174	0.0148	0.0138
2021-05-06	B01	0.01	0.0212	0.0176	0.0516
2021-05-06	B02	0.0094	0.0107	0.0242	0.0755
2021-05-06	B03	0.0194	0.0205	0.0374	0.1302
2021-05-06	B04	0.0116	0.016	0.0257	0.1874
2021-05-06	B05	0.0177	0.0198	0.049	0.2028
2021-05-06	B06	0.0018	0.0204	0.0589	0.153
2021-05-06	B07	1e-4	0.0242	0.0685	0.1589
2021-05-06	B08	0.0153	0.0284	0.0856	0.1542
2021-05-06	B8A	0.0129	0.0251	0.0621	0.124
2021-05-06	B11	0.0203	0.0311	0.0601	0.0143
2021-05-06	B12	0.0139	0.0208	0.037	0.0092
2021-05-11	B01	1.1888	1.2175	1.2112	1.2471
2021-05-11	B02	1.1544	1.152	1.1536	1.1184
2021-05-11	B03	1.0352	1.0392	1.0416	1.016
2021-05-11	B04	0.9344	0.9328	0.944	0.9248
2021-05-11	B05	0.9915	1.0013	0.9978	0.9909
2021-05-11	B06	0.922	0.9251	0.9316	0.9147
2021-05-11	B07	0.8651	0.8703	0.8745	0.8721
2021-05-11	B08	0.9168	0.9336	0.924	0.9016
2021-05-11	B8A	0.8123	0.8178	0.8121	0.8398
2021-05-11	B11	0.4933	0.4964	0.4984	0.4892
2021-05-11	B12	0.4307	0.4466	0.4384	0.4426
2021-05-16	B01	0.0083	0.017	0.0136	0.0452
2021-05-16	B02	0.0073	0.0039	0.0089	0.07
2021-05-16	B03	0.0265	0.0282	0.0252	0.1244
2021-05-16	B04	0.0136	0.0141	0.0144	0.181
2021-05-16	B05	0.0188	0.0234	0.0216	0.1888
2021-05-16	B06	1e-4	0.0131	0.0124	0.1307
2021-05-16	B07	0.0014	0.0176	0.0131	0.1371
2021-05-16	B08	0.01	0.0099	0.0115	0.119
2021-05-16	B8A	0.0112	0.0093	0.0141	0.1001
2021-05-16	B11	0.0165	0.0238	0.0209	0.017
2021-05-16	B12	0.0117	0.0143	0.0133	0.0119
2021-05-21	B01	0.0228	0.0282	0.0347	0.0093
2021-05-21	B02	0.0309	0.031	0.0317	0.0348
2021-05-21	B03	0.0454	0.0466	0.0446	0.0612
2021-05-21	B04	0.0303	0.0316	0.0298	0.082
2021-05-21	B05	0.0373	0.0439	0.0429	0.0884
2021-05-21	B06	0.0154	0.0338	0.0312	0.0591
2021-05-21	B07	0.0322	0.0347	0.0379	0.0651
2021-05-21	B08	0.033	0.0309	0.0318	0.0551
2021-05-21	B8A	0.0271	0.0312	0.0359	0.0439
2021-05-21	B11	0.0296	0.0384	0.0343	0.0121
2021-05-21	B12	0.0198	0.0293	0.0285	0.0099
2021-05-26	B01	0.0567	0.063	0.0726	0.0262
2021-05-26	B02	0.0504	0.0543	0.0528	0.0431
2021-05-26	B03	0.0729	0.0772	0.0827	0.0827
2021-05-26	B04	0.0548	0.061	0.0635	0.112
2021-05-26	B05	0.0752	0.0788	0.0844	0.1203
2021-05-26	B06	0.0793	0.0815	0.0857	0.085
2021-05-26	B07	0.0823	0.0892	0.0976	0.089
2021-05-26	B08	0.0831	0.0837	0.0916	0.0759
2021-05-26	B8A	0.0847	0.093	0.0996	0.0654
2021-05-26	B11	0.0751	0.0736	0.0768	0.0249
2021-05-26	B12	0.0577	0.0632	0.0651	0.0188
2021-05-31	B01	0.0032	0.0078	0.0079	0.0324
2021-05-31	B02	0.0109	0.0112	0.0114	0.0644
2021-05-31	B03	0.0368	0.0381	0.0365	0.106
2021-05-31	B04	0.0182	0.0186	0.0175	0.1502
2021-05-31	B05	0.035	0.0325	0.0356	0.1499
2021-05-31	B06	0.0196	0.0146	0.0187	0.0984
2021-05-31	B07	0.0118	0.0222	0.0191	0.1011
2021-05-31	B08	0.0159	0.0177	0.0169	0.0882
2021-05-31	B8A	0.0111	0.0152	0.017	0.0628
2021-05-31	B11	0.0169	0.0211	0.0207	0.0186
2021-05-31	B12	0.0103	0.0175	0.0147	0.012
2021-06-05	B01	0.8384	0.8719	0.9258	0.955
2021-06-05	B02	0.724	0.7744	0.7656	0.6632
2021-06-05	B03	0.7536	0.7456	0.7132	0.7056
2021-06-05	B04	0.7272	0.7204	0.694	0.7164
2021-06-05	B05	0.7939	0.7979	0.7766	0.7954
2021-06-05	B06	0.7366	0.7478	0.7532	0.765
2021-06-05	B07	0.6971	0.7137	0.724	0.744
2021-06-05	B08	0.7084	0.7148	0.6904	0.6148
2021-06-05	B8A	0.6688	0.689	0.7099	0.7402
2021-06-05	B11	0.5861	0.5992	0.5967	0.559
2021-06-05	B12	0.5301	0.5547	0.5769	0.5548
2021-06-10	B01	0.007	0.0137	0.0124	0.0374
2021-06-10	B02	0.0082	0.0191	0.0189	0.0702
2021-06-10	B03	0.0209	0.0446	0.0443	0.111
2021-06-10	B04	0.0121	0.0218	0.0216	0.1508
2021-06-10	B05	0.0253	0.045	0.0457	0.1496
2021-06-10	B06	0.002	0.0176	0.0219	0.076
2021-06-10	B07	0.0162	0.022	0.0222	0.0834
2021-06-10	B08	0.0113	0.017	0.0184	0.0697
2021-06-10	B8A	0.0021	0.0188	0.0218	0.0562
2021-06-10	B11	0.0108	0.0214	0.0177	0.016
2021-06-10	B12	0.0062	0.0164	0.0138	0.0097
2021-06-15	B01	0.8384	0.885	0.8807	0.9056
2021-06-15	B02	0.6232	0.644	0.6608	0.674
2021-06-15	B03	0.5912	0.6012	0.6208	0.6324
2021-06-15	B04	0.5536	0.566	0.578	0.5992
2021-06-15	B05	0.5389	0.5675	0.5837	0.6144
2021-06-15	B06	0.5617	0.5783	0.5984	0.6272
2021-06-15	B07	0.5756	0.603	0.6176	0.6516
2021-06-15	B08	0.548	0.5672	0.582	0.6068
2021-06-15	B8A	0.5815	0.6116	0.6308	0.6523
2021-06-15	B11	0.4305	0.4473	0.4636	0.4973
2021-06-15	B12	0.3439	0.3604	0.3723	0.4048
2021-06-20	B01	0.0137	0.019	0.0275	0.0361
2021-06-20	B02	0.0171	0.0204	0.0231	0.06
2021-06-20	B03	0.0386	0.0383	0.0426	0.1028
2021-06-20	B04	0.0218	0.0236	0.023	0.1316
2021-06-20	B05	0.0322	0.0403	0.0418	0.1258
2021-06-20	B06	0.0143	0.0242	0.0285	0.0637
2021-06-20	B07	0.013	0.0214	0.0247	0.0667
2021-06-20	B08	0.0242	0.0225	0.0252	0.0593
2021-06-20	B8A	0.021	0.0194	0.0259	0.042
2021-06-20	B11	0.0161	0.0219	0.0252	0.0149
2021-06-20	B12	0.0117	0.0167	0.0196	0.0088
2021-06-25	B01	0.5485	0.6335	0.8172	1.0074
2021-06-25	B02	0.5248	0.6512	0.7596	0.8792
2021-06-25	B03	0.5332	0.6508	0.7552	0.8544
2021-06-25	B04	0.5324	0.624	0.7464	0.8456
2021-06-25	B05	0.5716	0.6561	0.7641	0.9189
2021-06-25	B06	0.6211	0.6932	0.7965	0.9052
2021-06-25	B07	0.6331	0.6963	0.8001	0.9022
2021-06-25	B08	0.6328	0.746	0.844	0.8672
2021-06-25	B8A	0.653	0.7117	0.8095	0.8936
2021-06-25	B11	0.5705	0.6488	0.7251	0.7078
2021-06-25	B12	0.5568	0.615	0.6871	0.5816
2021-06-30	B01	3e-4	0.0025	0.0022	0.0198
2021-06-30	B02	0.0033	0.0046	0.0019	0.0474
2021-06-30	B03	0.0228	0.022	0.0229	0.0874
2021-06-30	B04	0.0134	0.0131	0.0142	0.1178
2021-06-30	B05	0.0234	0.025	0.0255	0.1127
2021-06-30	B06	0.0069	0.0092	0.0099	0.0502
2021-06-30	B07	0.0023	0.0099	0.0109	0.0493
2021-06-30	B08	0.0065	0.0073	0.0052	0.0411
2021-06-30	B8A	0.0075	0.002	0.0059	0.0277
2021-06-30	B11	0.0137	0.0212	0.0151	0.013
2021-06-30	B12	0.0073	0.0143	0.0108	0.0093
2021-07-05	B01	0.9145	0.9064	0.8979	0.7061
2021-07-05	B02	0.8696	0.776	0.724	0.7744
2021-07-05	B03	0.8312	0.7604	0.7196	0.7144
2021-07-05	B04	0.814	0.7616	0.7564	0.6636
2021-07-05	B05	0.8234	0.7853	0.7959	0.6563
2021-07-05	B06	0.8027	0.8046	0.791	0.6428
2021-07-05	B07	0.7774	0.8151	0.7903	0.6253
2021-07-05	B08	0.8224	0.7588	0.7028	0.7144
2021-07-05	B8A	0.7545	0.83	0.7955	0.6249
2021-07-05	B11	0.687	0.6977	0.6908	0.5569
2021-07-05	B12	0.623	0.7084	0.6867	0.528
2021-07-10	B01	0.0357	0.0421	0.0391	0.3215
2021-07-10	B02	0.0393	0.037	0.0565	0.2624
2021-07-10	B03	0.0567	0.0587	0.0971	0.30620000000000003
2021-07-10	B04	0.0382	0.0383	0.0559	0.365
2021-07-10	B05	0.0413	0.0466	0.0556	0.4446
2021-07-10	B06	0.022	0.0279	0.0346	0.4928
2021-07-10	B07	0.029	0.0287	0.0349	0.514
2021-07-10	B08	0.0306	0.0255	0.1028	0.362
2021-07-10	B8A	0.0223	0.0299	0.0327	0.5122
2021-07-10	B11	0.0242	0.0364	0.0367	0.4672
2021-07-10	B12	0.0185	0.0215	0.0194	0.4747
2021-07-15	B01	0.1679	0.1475	0.1461	0.8895
2021-07-15	B02	0.1488	0.0957	0.132	0.768
2021-07-15	B03	0.139	0.1072	0.1408	0.7352
2021-07-15	B04	0.1166	0.0922	0.1314	0.7076
2021-07-15	B05	0.1459	0.1019	0.1481	0.7617
2021-07-15	B06	0.1731	0.123	0.1704	0.7295
2021-07-15	B07	0.1853	0.1285	0.1801	0.7247
2021-07-15	B08	0.1814	0.1186	0.1732	0.7056
2021-07-15	B8A	0.1965	0.1373	0.1827	0.6971
2021-07-15	B11	0.1727	0.1253	0.165	0.5293
2021-07-15	B12	0.1631	0.1136	0.1468	0.401
2021-07-20	B01	0.8792	0.8717	0.7936	1.3135
2021-07-20	B02	0.816	0.796	0.818	1.3536
2021-07-20	B03	0.7436	0.7448	0.7516	1.1896
2021-07-20	B04	0.7032	0.706	0.6924	1.0496
2021-07-20	B05	0.706	0.6964	0.6775	1.0394
2021-07-20	B06	0.6693	0.6696	0.6413	0.9708
2021-07-20	B07	0.6568	0.6581	0.623	0.9331
2021-07-20	B08	0.692	0.6744	0.694	1.076
2021-07-20	B8A	0.6344	0.6361	0.6069	0.8989
2021-07-20	B11	0.4879	0.487	0.4692	0.4798
2021-07-20	B12	0.4155	0.4294	0.3875	0.3195
2021-07-25	B01	0.0163	0.0197	0.0188	0.0374
2021-07-25	B02	0.0166	0.0169	0.0163	0.0524
2021-07-25	B03	0.0297	0.0314	0.0331	0.0907
2021-07-25	B04	0.0224	0.0254	0.0217	0.1026
2021-07-25	B05	0.0253	0.0292	0.0276	0.0975
2021-07-25	B06	0.0225	0.0187	0.0199	0.0388
2021-07-25	B07	0.0153	0.0223	0.0236	0.0432
2021-07-25	B08	0.0196	0.0197	0.0215	0.0401
2021-07-25	B8A	0.0174	0.0225	0.0241	0.035
2021-07-25	B11	0.0274	0.0271	0.0272	0.0303
2021-07-25	B12	0.0184	0.0221	0.0227	0.0247
2021-07-30	B01	0.0117	0.0178	0.0165	0.0342
2021-07-30	B02	0.0122	0.0109	0.0148	0.052
2021-07-30	B03	0.0247	0.0227	0.0229	0.0859
2021-07-30	B04	0.0155	0.0167	0.0153	0.099
2021-07-30	B05	0.019	0.0245	0.0243	0.0843
2021-07-30	B06	0.0057	0.0128	0.0145	0.0351
2021-07-30	B07	0.0053	0.0157	0.0166	0.0391
2021-07-30	B08	0.0169	0.0147	0.0175	0.0335
2021-07-30	B8A	0.0118	0.0151	0.0175	0.0228
2021-07-30	B11	0.0153	0.0228	0.0191	0.0157
2021-07-30	B12	0.0111	0.0134	0.0144	0.012
2021-08-04	B01	0.4628	0.4569	0.453	0.4614
2021-08-04	B02	0.4432	0.454	0.468	0.4396
2021-08-04	B03	0.4568	0.4588	0.4732	0.4464
2021-08-04	B04	0.4404	0.458	0.466	0.444
2021-08-04	B05	0.4443	0.4537	0.465	0.4537
2021-08-04	B06	0.4679	0.4711	0.4772	0.4679
2021-08-04	B07	0.4863	0.4865	0.4808	0.4788
2021-08-04	B08	0.5252	0.5252	0.5404	0.5156
2021-08-04	B8A	0.4977	0.4983	0.4938	0.4921
2021-08-04	B11	0.2352	0.2363	0.2388	0.25
2021-08-04	B12	0.2498	0.2485	0.2446	0.2548
2021-08-09	B01	0.8083	0.8092	0.8386	0.7651
2021-08-09	B02	0.9664	0.948	0.9504	0.9136
2021-08-09	B03	0.8328	0.8192	0.8288	0.794
2021-08-09	B04	0.8288	0.8264	0.84	0.792
2021-08-09	B05	0.848	0.856	0.8704	0.8235
2021-08-09	B06	0.8167	0.8213	0.8457	0.7894
2021-08-09	B07	0.8222	0.8354	0.8553	0.8018
2021-08-09	B08	0.8144	0.806	0.81	0.7752
2021-08-09	B8A	0.8134	0.8244	0.8532	0.7924
2021-08-09	B11	0.5514	0.5558	0.5781	0.5749
2021-08-09	B12	0.3934	0.4021	0.4319	0.4271
2021-08-14	B01	0.0489	0.0544	0.0518	0.1466
2021-08-14	B02	0.0378	0.0429	0.0428	0.1108
2021-08-14	B03	0.0514	0.054	0.055	0.1156
2021-08-14	B04	0.0352	0.0388	0.04	0.115
2021-08-14	B05	0.0448	0.0467	0.0503	0.1254
2021-08-14	B06	0.0403	0.0412	0.0433	0.1221
2021-08-14	B07	0.0357	0.0445	0.0473	0.1228
2021-08-14	B08	0.0415	0.0433	0.0434	0.1314
2021-08-14	B8A	0.0413	0.0412	0.0441	0.1297
2021-08-14	B11	0.0314	0.0358	0.0365	0.1399
2021-08-14	B12	0.0227	0.0271	0.0253	0.1184
2021-08-19	B01	0.0667	0.071	0.0678	0.0697
2021-08-19	B02	0.0815	0.0791	0.0804	0.0877
2021-08-19	B03	0.0868	0.0908	0.0914	0.103
2021-08-19	B04	0.0717	0.0725	0.0714	0.1019
2021-08-19	B05	0.0826	0.0849	0.084	0.1002
2021-08-19	B06	0.075	0.0736	0.0763	0.0746
2021-08-19	B07	0.0707	0.0782	0.0782	0.0772
2021-08-19	B08	0.0681	0.0698	0.0697	0.0694
2021-08-19	B8A	0.0565	0.0667	0.0637	0.0616
2021-08-19	B11	0.0342	0.0398	0.0367	0.0338
2021-08-19	B12	0.0189	0.0268	0.0255	0.0251
2021-08-24	B01	0.2067	0.2235	0.2208	0.1052
2021-08-24	B02	0.191	0.257	0.2064	0.0969
2021-08-24	B03	0.1804	0.232	0.2176	0.1052
2021-08-24	B04	0.1522	0.2032	0.1992	0.0899
2021-08-24	B05	0.1695	0.2298	0.2395	0.0956
2021-08-24	B06	0.1786	0.243	0.2544	0.0816
2021-08-24	B07	0.1819	0.235	0.2541	0.0791
2021-08-24	B08	0.1972	0.283	0.2404	0.0733
2021-08-24	B8A	0.1798	0.2183	0.2433	0.0689
2021-08-24	B11	0.1289	0.2109	0.2246	0.0373
2021-08-24	B12	0.1049	0.136	0.1625	0.0255
2021-08-29	B01	0.0187	0.0229	0.0263	0.0392
2021-08-29	B02	0.0219	0.0226	0.022	0.053
2021-08-29	B03	0.0482	0.049	0.0506	0.0816
2021-08-29	B04	0.0296	0.03	0.0306	0.0771
2021-08-29	B05	0.0443	0.0487	0.0506	0.0609
2021-08-29	B06	0.0154	0.0226	0.0233	0.0235
2021-08-29	B07	0.0231	0.0237	0.028	0.024
2021-08-29	B08	0.0197	0.02	0.0217	0.0235
2021-08-29	B8A	0.0196	0.016	0.0204	0.0173
2021-08-29	B11	0.0206	0.0319	0.026	0.0193
2021-08-29	B12	0.0145	0.021	0.0194	0.0188
2021-09-03	B01	0.2261	0.2125	0.2074	0.1316
2021-09-03	B02	0.184	0.199	0.2154	0.1334
2021-09-03	B03	0.189	0.1962	0.2106	0.1444
2021-09-03	B04	0.1784	0.179	0.2014	0.132
2021-09-03	B05	0.2171	0.21560000000000001	0.2253	0.1202
2021-09-03	B06	0.2443	0.2423	0.2402	0.0988
2021-09-03	B07	0.2573	0.2531	0.2409	0.1012
2021-09-03	B08	0.2228	0.2364	0.2692	0.0872
2021-09-03	B8A	0.2568	0.2693	0.2403	0.0857
2021-09-03	B11	0.2523	0.2428	0.239	0.0446
2021-09-03	B12	0.2119	0.2219	0.1981	0.034
2021-09-08	B01	0.4438	0.4444	0.4673	0.6086
2021-09-08	B02	0.4072	0.4332	0.464	0.61
2021-09-08	B03	0.3886	0.416	0.4144	0.562
2021-09-08	B04	0.3642	0.3688	0.3928	0.522
2021-09-08	B05	0.3934	0.3914	0.4115	0.5533
2021-09-08	B06	0.396	0.3917	0.4046	0.5303
2021-09-08	B07	0.398	0.3874	0.4005	0.5192
2021-09-08	B08	0.3928	0.4232	0.4252	0.5508
2021-09-08	B8A	0.3896	0.3803	0.3997	0.5054
2021-09-08	B11	0.165	0.1609	0.1658	0.1866
2021-09-08	B12	0.1679	0.1625	0.1693	0.1947
2021-09-13	B01	0.3631	0.36	0.3671	0.4467
2021-09-13	B02	0.2998	0.2998	0.3038	0.3536
2021-09-13	B03	0.2966	0.2956	0.2934	0.3432
2021-09-13	B04	0.273	0.2732	0.2752	0.324
2021-09-13	B05	0.2916	0.2914	0.2924	0.3441
2021-09-13	B06	0.3353	0.3356	0.3343	0.3791
2021-09-13	B07	0.3578	0.358	0.359	0.3961
2021-09-13	B08	0.3628	0.3646	0.3632	0.3916
2021-09-13	B8A	0.3743	0.37	0.3798	0.4058
2021-09-13	B11	0.2702	0.2722	0.2733	0.2813
2021-09-13	B12	0.2205	0.2205	0.2227	0.2393
2021-09-18	B01	0.0438	0.0544	0.0583	0.0987
2021-09-18	B02	0.058	0.0625	0.0658	0.1154
2021-09-18	B03	0.0769	0.0838	0.0877	0.1366
2021-09-18	B04	0.0558	0.0589	0.0655	0.1262
2021-09-18	B05	0.0785	0.0817	0.0849	0.1379
2021-09-18	B06	0.0585	0.0598	0.063	0.1478
2021-09-18	B07	0.0646	0.0671	0.0718	0.1573
2021-09-18	B08	0.0647	0.0751	0.0823	0.1582
2021-09-18	B8A	0.0562	0.0629	0.066	0.1557
2021-09-18	B11	0.0562	0.0637	0.0665	0.1529
2021-09-18	B12	0.0436	0.0512	0.0515	0.1238
2021-09-23	B01	0.0849	0.0956	0.0942	0.0847
2021-09-23	B02	0.0766	0.0769	0.0799	0.0879
2021-09-23	B03	0.1007	0.1013	0.104	0.0957
2021-09-23	B04	0.0852	0.0872	0.089	0.089
2021-09-23	B05	0.1081	0.1141	0.1154	0.0994
2021-09-23	B06	0.109	0.1111	0.1188	0.1019
2021-09-23	B07	0.1112	0.1172	0.1243	0.1048
2021-09-23	B08	0.1156	0.113	0.1202	0.1094
2021-09-23	B8A	0.1102	0.1196	0.1305	0.1069
2021-09-23	B11	0.0928	0.1009	0.1047	0.077
2021-09-23	B12	0.0742	0.0814	0.0841	0.0665
2021-09-28	B01	0.9394	0.9385	0.9376	0.9719
2021-09-28	B02	0.9792	0.9792	0.9816	1.0008
2021-09-28	B03	0.9952	0.9992	0.9968	1.0264
2021-09-28	B04	1.0016	1.0016	0.9992	1.0336
2021-09-28	B05	0.9804	0.9777	0.976	1.0069
2021-09-28	B06	0.9754	0.9726	0.973	1.0019
2021-09-28	B07	0.972	0.9708	0.9714	0.996
2021-09-28	B08	1.0488	1.0488	1.0488	1.0648
2021-09-28	B8A	0.9458	0.9488	0.9429	0.9663
2021-09-28	B11	0.2121	0.2142	0.2106	0.2105
2021-09-28	B12	0.2439	0.2457	0.2444	0.2454
2021-10-03	B01	0.1015	0.0979	0.1091	0.2301
2021-10-03	B02	0.1086	0.0847	0.1224	0.3028
2021-10-03	B03	0.1188	0.1226	0.1356	0.3116
2021-10-03	B04	0.091	0.119	0.1216	0.28
2021-10-03	B05	0.1269	0.1596	0.1459	0.3277
2021-10-03	B06	0.1173	0.2029	0.1575	0.3884
2021-10-03	B07	0.1263	0.2098	0.1551	0.396
2021-10-03	B08	0.1996	0.1592	0.241	0.432
2021-10-03	B8A	0.1423	0.2024	0.1291	0.3888
2021-10-03	B11	0.1192	0.1753	0.1443	0.3645
2021-10-03	B12	0.0946	0.1208	0.082	0.2915
2021-10-08	B01	1.1944	1.1948	1.1853	1.4156
2021-10-08	B02	1.1	1.1104	1.112	1.3136
2021-10-08	B03	1.0224	1.0224	1.012	1.192
2021-10-08	B04	0.9616	0.9656	0.96	1.1144
2021-10-08	B05	0.9959	1.0081	1.0045	1.2028
2021-10-08	B06	0.9326	0.9378	0.9319	1.0903
2021-10-08	B07	0.9174	0.922	0.9188	1.0327
2021-10-08	B08	0.8864	0.892	0.8856	1.0576
2021-10-08	B8A	0.8913	0.8931	0.8901	0.9884
2021-10-08	B11	0.5253	0.5339	0.5212	0.2202
2021-10-08	B12	0.4993	0.5057	0.484	0.2547
2021-10-13	B01	0.4567	0.3895	0.3807	0.4539
2021-10-13	B02	0.3366	0.342	0.3482	0.4048
2021-10-13	B03	0.304	0.3088	0.3106	0.3872
2021-10-13	B04	0.3142	0.2728	0.2702	0.3538
2021-10-13	B05	0.4072	0.3147	0.3098	0.4068
2021-10-13	B06	0.4576	0.3504	0.3393	0.4245
2021-10-13	B07	0.4683	0.3693	0.3702	0.4237
2021-10-13	B08	0.3672	0.368	0.382	0.4268
2021-10-13	B8A	0.4695	0.3875	0.3897	0.4175
2021-10-13	B11	0.3352	0.2458	0.2358	0.2209
2021-10-13	B12	0.3417	0.2653	0.2579	0.2265
2021-10-18	B01	0.026	0.0339	0.0284	0.0518
2021-10-18	B02	0.0251	0.0285	0.0265	0.0748
2021-10-18	B03	0.0538	0.0566	0.0561	0.1023
2021-10-18	B04	0.0328	0.0366	0.0335	0.1044
2021-10-18	B05	0.0524	0.0564	0.0558	0.086
2021-10-18	B06	0.0296	0.0297	0.0346	0.0488
2021-10-18	B07	0.037	0.0428	0.0324	0.0548
2021-10-18	B08	0.0315	0.0348	0.0323	0.0476
2021-10-18	B8A	0.0266	0.0382	0.0374	0.041
2021-10-18	B11	0.0272	0.0403	0.0368	0.0344
2021-10-18	B12	0.0203	0.0289	0.026	0.0282
2021-10-23	B01	1.2429	1.1836	1.1489	1.3754
2021-10-23	B02	1.0912	1.0704	1.1408	1.1168
2021-10-23	B03	1.0416	1.0032	1.04	1.0664
2021-10-23	B04	0.9848	0.9696	0.9576	1.2288
2021-10-23	B05	1.0143	0.9939	0.9777	1.3464
2021-10-23	B06	0.969	0.9513	0.922	1.2687
2021-10-23	B07	0.9661	0.9292	0.9093	1.1479
2021-10-23	B08	0.9352	0.8984	0.9464	0.9568
2021-10-23	B8A	0.9262	0.8839	0.8594	1.0632
2021-10-23	B11	0.184	0.1873	0.1668	0.2613
2021-10-23	B12	0.1048	0.0906	0.095	0.3119
2021-10-28	B01	0.0298	0.0376	0.0383	0.0356
2021-10-28	B02	0.0236	0.0223	0.0268	0.0425
2021-10-28	B03	0.0603	0.0586	0.06	0.0656
2021-10-28	B04	0.029	0.0302	0.0307	0.0826
2021-10-28	B05	0.0562	0.0464	0.0522	0.082
2021-10-28	B06	0.0326	0.0172	0.0241	0.0475
2021-10-28	B07	0.0445	0.0298	0.0284	0.0489
2021-10-28	B08	0.02	0.0234	0.0215	0.0338
2021-10-28	B8A	0.0305	0.02	0.0263	0.032
2021-10-28	B11	0.0299	0.0287	0.0315	0.0259
2021-10-28	B12	0.0249	0.0241	0.0184	0.0187
2021-11-02	B01	0.0393	0.05	0.0484	0.0438
2021-11-02	B02	0.0291	0.0307	0.0312	0.0451
2021-11-02	B03	0.0712	0.072	0.072	0.0666
2021-11-02	B04	0.0382	0.0406	0.0404	0.0807
2021-11-02	B05	0.0551	0.0579	0.0567	0.0817
2021-11-02	B06	0.0356	0.0273	0.0319	0.0447
2021-11-02	B07	0.0376	0.0373	0.0372	0.0494
2021-11-02	B08	0.0314	0.031	0.033	0.0363
2021-11-02	B8A	0.0249	0.029	0.0367	0.0345
2021-11-02	B11	0.0265	0.0338	0.0334	0.0267
2021-11-02	B12	0.0195	0.0245	0.0242	0.0179
2021-11-07	B01	0.3669	0.3696	0.2795	0.0833
2021-11-07	B02	0.4016	0.442	0.2942	0.0804
2021-11-07	B03	0.372	0.4168	0.2484	0.099
2021-11-07	B04	0.331	0.379	0.211	0.1086
2021-11-07	B05	0.3549	0.4093	0.2296	0.1073
2021-11-07	B06	0.4018	0.4371	0.2625	0.0632
2021-11-07	B07	0.4097	0.4491	0.2904	0.0589
2021-11-07	B08	0.4532	0.4928	0.3188	0.0403
2021-11-07	B8A	0.4119	0.433	0.2948	0.0504
2021-11-07	B11	0.3467	0.3674	0.2296	0.0341
2021-11-07	B12	0.2985	0.3141	0.2023	0.0273
2021-11-12	B01	0.0283	0.0453	0.0664	0.0418
2021-11-12	B02	0.0182	0.0205	0.1152	0.0411
2021-11-12	B03	0.0374	0.0383	0.1378	0.0662
2021-11-12	B04	0.0254	0.0257	0.1278	0.0768
2021-11-12	B05	0.0312	0.0366	0.1289	0.0662
2021-11-12	B06	0.0178	0.0162	0.1083	0.0333
2021-11-12	B07	0.0213	0.0216	0.1195	0.0356
2021-11-12	B08	0.021	0.0229	0.123	0.0314
2021-11-12	B8A	0.0155	0.0228	0.1166	0.0274
2021-11-12	B11	0.0231	0.0367	0.1038	0.0233
2021-11-12	B12	0.0181	0.0279	0.0885	0.0181
2021-11-17	B01	1.0728	1.0855	1.0948	0.6349
2021-11-17	B02	1.0336	1.0224	1.0224	0.546
2021-11-17	B03	0.944	0.9328	0.9328	0.5328
2021-11-17	B04	0.8664	0.856	0.8752	0.52
2021-11-17	B05	0.9125	0.9279	0.9368	0.5483
2021-11-17	B06	0.8558	0.8687	0.8819	0.5404
2021-11-17	B07	0.8426	0.8452	0.8567	0.5503
2021-11-17	B08	0.8672	0.868	0.8616	0.524
2021-11-17	B8A	0.8202	0.8156	0.8283	0.5404
2021-11-17	B11	0.5259	0.5402	0.5545	0.3891
2021-11-17	B12	0.391	0.3957	0.4185	0.3084
2021-11-22	B01	0.0545	0.0595	0.0594	0.0562
2021-11-22	B02	0.0637	0.053	0.0468	0.1094
2021-11-22	B03	0.0999	0.0849	0.0835	0.1394
2021-11-22	B04	0.0708	0.0593	0.0586	0.1534
2021-11-22	B05	0.0997	0.0826	0.0835	0.1578
2021-11-22	B06	0.0864	0.0788	0.0741	0.0924
2021-11-22	B07	0.0913	0.0839	0.0783	0.0958
2021-11-22	B08	0.0815	0.0812	0.0815	0.0852
2021-11-22	B8A	0.0922	0.0746	0.0801	0.084
2021-11-22	B11	0.0875	0.0813	0.0807	0.0723
2021-11-22	B12	0.0671	0.0615	0.0589	0.0607
2021-11-27	B01	0.07	0.0812	0.0774	0.0887
2021-11-27	B02	0.0974	0.081	0.1162	0.1378
2021-11-27	B03	0.1396	0.1186	0.1538	0.167
2021-11-27	B04	0.104	0.0948	0.1268	0.1792
2021-11-27	B05	0.1468	0.11	0.1432	0.1709
2021-11-27	B06	0.1033	0.0793	0.1001	0.1156
2021-11-27	B07	0.1095	0.0882	0.1015	0.1195
2021-11-27	B08	0.0924	0.0846	0.1146	0.119
2021-11-27	B8A	0.103	0.0963	0.0953	0.0946
2021-11-27	B11	0.0926	0.0908	0.102	0.0869
2021-11-27	B12	0.0823	0.072	0.0855	0.074
2021-12-02	B01	0.0727	0.0903	0.0678	0.0943
2021-12-02	B02	0.0832	0.1	0.1023	0.1138
2021-12-02	B03	0.1126	0.1244	0.144	0.1414
2021-12-02	B04	0.0988	0.1176	0.1296	0.166
2021-12-02	B05	0.1218	0.1175	0.1519	0.1795
2021-12-02	B06	0.0971	0.0988	0.1309	0.1166
2021-12-02	B07	0.1013	0.1068	0.1402	0.1196
2021-12-02	B08	0.0752	0.0931	0.1062	0.1032
2021-12-02	B8A	0.0965	0.094	0.1342	0.1118
2021-12-02	B11	0.0926	0.0958	0.1176	0.0904
2021-12-02	B12	0.0846	0.0877	0.1016	0.0767
2021-12-07	B01	0.05	0.0626	0.0365	0.0885
2021-12-07	B02	0.0672	0.0639	0.0175	0.1586
2021-12-07	B03	0.0861	0.0724	0.029	0.1968
2021-12-07	B04	0.0764	0.0696	0.022	0.2228
2021-12-07	B05	0.0794	0.0637	0.0336	0.2199
2021-12-07	B06	0.0693	0.0511	0.0275	0.1525
2021-12-07	B07	0.0725	0.0548	0.0356	0.1593
2021-12-07	B08	0.0682	0.0605	0.0216	0.1494
2021-12-07	B8A	0.0704	0.064	0.0306	0.1295
2021-12-07	B11	0.069	0.0661	0.0412	0.0965
2021-12-07	B12	0.0593	0.0576	0.0305	0.0886
2021-12-12	B01	0.787	0.7622	0.8289	1.4428
2021-12-12	B02	0.6456	0.5552	0.5176	1.2824
2021-12-12	B03	0.624	0.5332	0.5712	1.2024
2021-12-12	B04	0.6152	0.5848	0.598	1.1024
2021-12-12	B05	0.6917	0.6328	0.6745	1.2111
2021-12-12	B06	0.6655	0.6284	0.6821	1.0993
2021-12-12	B07	0.6545	0.6021	0.6863	1.0343
2021-12-12	B08	0.5848	0.4768	0.5092	1.0544
2021-12-12	B8A	0.6508	0.5915	0.6773	0.98
2021-12-12	B11	0.4905	0.4458	0.4846	0.4757
2021-12-12	B12	0.4366	0.3732	0.4418	0.4077
2021-12-17	B01	0.0772	0.0938	0.0576	0.1031
2021-12-17	B02	0.0971	0.1052	0.1292	0.1708
2021-12-17	B03	0.1322	0.147	0.1642	0.2128
2021-12-17	B04	0.104	0.1206	0.1446	0.2486
2021-12-17	B05	0.1404	0.1303	0.149	0.2407
2021-12-17	B06	0.1197	0.1184	0.1203	0.1634
2021-12-17	B07	0.1304	0.1244	0.1283	0.1744
2021-12-17	B08	0.0938	0.1114	0.1282	0.1656
2021-12-17	B8A	0.1352	0.1118	0.1279	0.1402
2021-12-17	B11	0.103	0.115	0.1114	0.0964
2021-12-17	B12	0.091	0.092	0.0963	0.0862
2021-12-22	B01	1.0049	1.0521	1.0443	0.3965
2021-12-22	B02	0.8544	0.8728	0.924	0.5604
2021-12-22	B03	0.7652	0.7884	0.852	0.5404
2021-12-22	B04	0.7584	0.7928	0.814	0.4844
2021-12-22	B05	0.8348	0.8748	0.9	0.5126
2021-12-22	B06	0.8076	0.839	0.8633	0.4807
2021-12-22	B07	0.7727	0.8155	0.8372	0.4429
2021-12-22	B08	0.7612	0.7928	0.8352	0.5596
2021-12-22	B8A	0.7528	0.7869	0.8135	0.4416
2021-12-22	B11	0.4681	0.4916	0.501	0.3254
2021-12-22	B12	0.3929	0.4107	0.4196	0.2713
2021-12-27	B01	0.0595	0.0686	0.0649	0.1166
2021-12-27	B02	0.077	0.0898	0.099	0.1566
2021-12-27	B03	0.1212	0.132	0.1432	0.1946
2021-12-27	B04	0.0891	0.0972	0.1166	0.226
2021-12-27	B05	0.145	0.1422	0.155	0.2653
2021-12-27	B06	0.1005	0.1129	0.1145	0.2774
2021-12-27	B07	0.1081	0.1161	0.1182	0.291
2021-12-27	B08	0.0904	0.1012	0.1152	0.27
2021-12-27	B8A	0.0912	0.1144	0.1042	0.2626
2021-12-27	B11	0.0779	0.1007	0.0953	0.1772
2021-12-27	B12	0.068	0.0795	0.0789	0.1193
2022-01-01	B01	0.0525	0.0557	0.0485	0.0919
2022-01-01	B02	0.0973	0.0344	0.0421	0.1092
2022-01-01	B03	0.1572	0.0883	0.0974	0.162
2022-01-01	B04	0.1028	0.0463	0.0506	0.221
2022-01-01	B05	0.1727	0.1098	0.1137	0.2375
2022-01-01	B06	0.1277	0.0663	0.0689	0.1862
2022-01-01	B07	0.1318	0.0763	0.0708	0.1966
2022-01-01	B08	0.1238	0.0587	0.065	0.1644
2022-01-01	B8A	0.1168	0.047	0.0511	0.1491
2022-01-01	B11	0.0816	0.0374	0.0383	0.0466
2022-01-01	B12	0.0686	0.0298	0.0289	0.038
2022-01-06	B01	0.0417	0.047	0.0375	0.1056
2022-01-06	B02	0.0505	0.0487	0.0426	0.1608
2022-01-06	B03	0.1032	0.1028	0.0955	0.2132
2022-01-06	B04	0.0631	0.0588	0.0504	0.2754
2022-01-06	B05	0.121	0.1143	0.1149	0.294
2022-01-06	B06	0.085	0.0713	0.0773	0.2415
2022-01-06	B07	0.092	0.0847	0.0848	0.2573
2022-01-06	B08	0.0778	0.0748	0.0729	0.2342
2022-01-06	B8A	0.0737	0.0764	0.0693	0.2173
2022-01-06	B11	0.0572	0.0633	0.0601	0.0884
2022-01-06	B12	0.0444	0.044	0.0423	0.0754
2022-01-11	B01	0.0428	0.0503	0.0473	0.0789
2022-01-11	B02	0.039	0.0401	0.0393	0.0985
2022-01-11	B03	0.1007	0.1026	0.0938	0.1572
2022-01-11	B04	0.0462	0.0482	0.0437	0.2118
2022-01-11	B05	0.1165	0.1185	0.115	0.2182
2022-01-11	B06	0.0655	0.0759	0.0789	0.1587
2022-01-11	B07	0.0697	0.0806	0.083	0.1709
2022-01-11	B08	0.0664	0.0658	0.0695	0.152
2022-01-11	B8A	0.0514	0.0538	0.0546	0.1266
2022-01-11	B11	0.0295	0.037	0.0334	0.024
2022-01-11	B12	0.0212	0.0268	0.0259	0.0208
2022-01-16	B01	0.0384	0.0481	0.0401	0.0867
2022-01-16	B02	0.0328	0.0518	0.0345	0.1242
2022-01-16	B03	0.093	0.1182	0.0975	0.1814
2022-01-16	B04	0.0452	0.0703	0.0478	0.2346
2022-01-16	B05	0.1192	0.1408	0.1249	0.257
2022-01-16	B06	0.0641	0.0875	0.0719	0.1958
2022-01-16	B07	0.0709	0.0907	0.0783	0.2072
2022-01-16	B08	0.0561	0.0743	0.0588	0.1738
2022-01-16	B8A	0.0463	0.0678	0.0471	0.172
2022-01-16	B11	0.0333	0.0624	0.0408	0.0503
2022-01-16	B12	0.0273	0.0521	0.0354	0.0422
2022-01-21	B01	0.0373	0.0487	0.0459	0.0767
2022-01-21	B02	0.0313	0.0422	0.0307	0.0968
2022-01-21	B03	0.1018	0.1162	0.1028	0.1542
2022-01-21	B04	0.0455	0.0571	0.0452	0.209
2022-01-21	B05	0.123	0.1319	0.1262	0.2168
2022-01-21	B06	0.0674	0.0695	0.0657	0.1497
2022-01-21	B07	0.0705	0.0791	0.0688	0.1571
2022-01-21	B08	0.0569	0.0583	0.0567	0.1306
2022-01-21	B8A	0.0414	0.0484	0.0456	0.1119
2022-01-21	B11	0.0271	0.0364	0.0323	0.037
2022-01-21	B12	0.0229	0.0304	0.0237	0.0263
2022-01-26	B01	0.16	0.1664	0.1494	0.1902
2022-01-26	B02	0.1424	0.151	0.1506	0.2294
2022-01-26	B03	0.1871	0.182	0.1842	0.2534
2022-01-26	B04	0.182	0.1536	0.1502	0.263
2022-01-26	B05	0.2354	0.2069	0.2036	0.2912
2022-01-26	B06	0.2339	0.1947	0.178	0.2843
2022-01-26	B07	0.2253	0.2137	0.1848	0.2979
2022-01-26	B08	0.1697	0.1593	0.1612	0.3002
2022-01-26	B8A	0.1899	0.1988	0.1726	0.2829
2022-01-26	B11	0.2102	0.1774	0.1521	0.2565
2022-01-26	B12	0.1551	0.1674	0.1466	0.218
2022-01-31	B01	0.1389	0.1513	0.1409	0.1843
2022-01-31	B02	0.1357	0.1347	0.137	0.21
2022-01-31	B03	0.1986	0.1936	0.1916	0.2582
2022-01-31	B04	0.1429	0.1432	0.1442	0.3194
2022-01-31	B05	0.2254	0.2142	0.2246	0.3347
2022-01-31	B06	0.1586	0.1629	0.1703	0.2675
2022-01-31	B07	0.1626	0.1715	0.1723	0.2771
2022-01-31	B08	0.1527	0.156	0.16	0.2578
2022-01-31	B8A	0.1364	0.1311	0.1391	0.2304
2022-01-31	B11	0.1225	0.1254	0.1265	0.1234
2022-01-31	B12	0.1173	0.1181	0.122	0.1159
2022-02-05	B01	0.1449	0.1477	0.1417	0.1993
2022-02-05	B02	0.1421	0.1396	0.1432	0.2276
2022-02-05	B03	0.2048	0.2062	0.2064	0.2862
2022-02-05	B04	0.1436	0.1441	0.1486	0.3562
2022-02-05	B05	0.2321	0.2326	0.236	0.3849
2022-02-05	B06	0.1793	0.1764	0.174	0.3263
2022-02-05	B07	0.1802	0.1832	0.1831	0.3367
2022-02-05	B08	0.1628	0.1629	0.1642	0.3104
2022-02-05	B8A	0.1489	0.142	0.1455	0.2905
2022-02-05	B11	0.1232	0.1333	0.1309	0.1271
2022-02-05	B12	0.1139	0.1258	0.1216	0.1207
2022-02-10	B01	0.1491	0.159	0.1566	0.1946
2022-02-10	B02	0.1488	0.1503	0.1516	0.22
2022-02-10	B03	0.2144	0.2144	0.2116	0.2768
2022-02-10	B04	0.151	0.1552	0.1549	0.3454
2022-02-10	B05	0.2262	0.2302	0.2292	0.3589
2022-02-10	B06	0.1624	0.1743	0.1789	0.3182
2022-02-10	B07	0.1679	0.1733	0.1793	0.325
2022-02-10	B08	0.1552	0.1584	0.1637	0.3046
2022-02-10	B8A	0.1309	0.1431	0.1425	0.2814
2022-02-10	B11	0.119	0.1291	0.1259	0.1191
2022-02-10	B12	0.1147	0.1241	0.1225	0.114
2022-02-15	B01	0.1469	0.1583	0.1485	0.1884
2022-02-15	B02	0.1506	0.1505	0.1511	0.2198
2022-02-15	B03	0.2042	0.2058	0.2054	0.2716
2022-02-15	B04	0.1493	0.1485	0.1501	0.3298
2022-02-15	B05	0.2181	0.2243	0.2228	0.3482
2022-02-15	B06	0.1711	0.1756	0.1648	0.3052
2022-02-15	B07	0.1714	0.1859	0.1718	0.3189
2022-02-15	B08	0.1613	0.1586	0.1558	0.297
2022-02-15	B8A	0.1437	0.1477	0.144	0.2847
2022-02-15	B11	0.1246	0.1453	0.1307	0.1324
2022-02-15	B12	0.1178	0.1313	0.1216	0.1286
2022-02-20	B01	2.7549	2.8103	2.8393	1.8298
2022-02-20	B02	1.9263	1.7728	1.7824	1.3952
2022-02-20	B03	1.5968	1.5776	1.5736	1.1456
2022-02-20	B04	1.3216	1.3176	1.2888	0.9616
2022-02-20	B05	1.4402	1.4628	1.4679	1.06
2022-02-20	B06	1.2981	1.3491	1.3677	1.0064
2022-02-20	B07	1.2216	1.2487	1.2675	0.9336
2022-02-20	B08	1.1784	1.1192	1.1312	0.8904
2022-02-20	B8A	1.1277	1.1142	1.132	0.8393
2022-02-20	B11	0.6748	0.6917	0.7038	0.5683
2022-02-20	B12	0.5624	0.5631	0.5704	0.4577
2022-02-25	B01	0.1297	0.1437	0.1403	0.1907
2022-02-25	B02	0.1283	0.1299	0.1346	0.2292
2022-02-25	B03	0.1612	0.1636	0.1688	0.2852
2022-02-25	B04	0.1288	0.1324	0.1362	0.353
2022-02-25	B05	0.1744	0.1817	0.1826	0.3602
2022-02-25	B06	0.1326	0.1382	0.134	0.3024
2022-02-25	B07	0.1405	0.1384	0.1456	0.3213
2022-02-25	B08	0.1249	0.1233	0.1295	0.2812
2022-02-25	B8A	0.1126	0.1251	0.1257	0.2761
2022-02-25	B11	0.1207	0.1358	0.1297	0.1299
2022-02-25	B12	0.1139	0.1217	0.1231	0.1239
2022-03-02	B01	0.2064	0.2554	0.2495	0.3622
2022-03-02	B02	0.173	0.2416	0.2162	0.4448
2022-03-02	B03	0.1997	0.2682	0.2486	0.4088
2022-03-02	B04	0.1624	0.2538	0.2534	0.3652
2022-03-02	B05	0.226	0.2962	0.3224	0.4087
2022-03-02	B06	0.2456	0.3115	0.3725	0.4154
2022-03-02	B07	0.2615	0.3196	0.3929	0.4148
2022-03-02	B08	0.1836	0.3148	0.2504	0.4332
2022-03-02	B8A	0.2586	0.3188	0.3864	0.4124
2022-03-02	B11	0.196	0.2837	0.3417	0.2856
2022-03-02	B12	0.1823	0.2319	0.2735	0.2604
2022-03-07	B01	0.1279	0.135	0.1348	0.1661
2022-03-07	B02	0.127	0.1291	0.1279	0.1946
2022-03-07	B03	0.1611	0.1625	0.1582	0.245
2022-03-07	B04	0.1321	0.1324	0.1324	0.3136
2022-03-07	B05	0.1808	0.183	0.1821	0.3328
2022-03-07	B06	0.1424	0.1512	0.1499	0.2947
2022-03-07	B07	0.1542	0.1546	0.1569	0.3149
2022-03-07	B08	0.1418	0.1412	0.1418	0.2794
2022-03-07	B8A	0.1353	0.1353	0.1348	0.2768
2022-03-07	B11	0.123	0.1439	0.1343	0.1254
2022-03-07	B12	0.1161	0.131	0.1245	0.1208
2022-03-12	B01	0.3322	0.3472	0.3586	0.2155
2022-03-12	B02	0.3552	0.3686	0.3522	0.2306
2022-03-12	B03	0.3234	0.3482	0.3624	0.276
2022-03-12	B04	0.289	0.316	0.3416	0.3196
2022-03-12	B05	0.3197	0.3534	0.3766	0.3446
2022-03-12	B06	0.3859	0.4109	0.4267	0.3279
2022-03-12	B07	0.4158	0.4205	0.441	0.3408
2022-03-12	B08	0.4428	0.462	0.4496	0.334
2022-03-12	B8A	0.4118	0.4166	0.454	0.3156
2022-03-12	B11	0.324	0.3449	0.3607	0.1661
2022-03-12	B12	0.2912	0.298	0.3229	0.1545
2022-03-17	B01	0.4645	0.4622	0.4525	0.7896
2022-03-17	B02	0.4568	0.4608	0.4408	0.7444
2022-03-17	B03	0.43	0.4284	0.4252	0.6812
2022-03-17	B04	0.4	0.3924	0.3978	0.6816
2022-03-17	B05	0.4418	0.4347	0.4341	0.7509
2022-03-17	B06	0.4754	0.4649	0.4638	0.769
2022-03-17	B07	0.4861	0.4735	0.4695	0.7578
2022-03-17	B08	0.4968	0.498	0.4928	0.7668
2022-03-17	B8A	0.4854	0.4695	0.4618	0.7316
2022-03-17	B11	0.2758	0.2756	0.273	0.5065
2022-03-17	B12	0.264	0.2602	0.2553	0.5317
2022-03-22	B01	1.078	1.0774	1.077	1.0808
2022-03-22	B02	1.0856	1.0832	1.088	1.092
2022-03-22	B03	1.1048	1.1008	1.1048	1.1096
2022-03-22	B04	1.116	1.1232	1.1224	1.1232
2022-03-22	B05	1.0988	1.1012	1.1056	1.1084
2022-03-22	B06	1.0958	1.0991	1.1002	1.0998000000000001
2022-03-22	B07	1.095	1.0905	1.0959	1.097
2022-03-22	B08	1.168	1.1648	1.1704	1.176
2022-03-22	B8A	1.0764	1.0796	1.0736	1.0776
2022-03-22	B11	0.3364	0.3369	0.3367	0.334
2022-03-22	B12	0.3808	0.3806	0.3819	0.3799
2022-03-27	B01	0.1179	0.1244	0.1251	0.1616
2022-03-27	B02	0.1261	0.1255	0.1285	0.1955
2022-03-27	B03	0.1648	0.1674	0.1691	0.2464
2022-03-27	B04	0.1327	0.1326	0.1316	0.3106
2022-03-27	B05	0.2014	0.206	0.2034	0.3262
2022-03-27	B06	0.1671	0.1686	0.1703	0.2966
2022-03-27	B07	0.1621	0.1721	0.1805	0.305
2022-03-27	B08	0.1594	0.1584	0.1654	0.2894
2022-03-27	B8A	0.1466	0.1448	0.1503	0.2672
2022-03-27	B11	0.1209	0.1313	0.1281	0.1218
2022-03-27	B12	0.1129	0.1198	0.116	0.1157
2022-04-01	B01	0.1179	0.1217	0.1222	0.159
2022-04-01	B02	0.1217	0.1206	0.1193	0.186
2022-04-01	B03	0.16	0.1606	0.1618	0.2396
2022-04-01	B04	0.1298	0.1322	0.1304	0.2992
2022-04-01	B05	0.1935	0.1952	0.1967	0.3139
2022-04-01	B06	0.1477	0.1636	0.1645	0.2765
2022-04-01	B07	0.147	0.1647	0.1711	0.2845
2022-04-01	B08	0.1586	0.1548	0.1598	0.2738
2022-04-01	B8A	0.1401	0.1465	0.1453	0.2448
2022-04-01	B11	0.123	0.1237	0.1225	0.1201
2022-04-01	B12	0.114	0.115	0.1166	0.113
2022-04-06	B01	0.3836	0.3543	0.3214	0.4501
2022-04-06	B02	0.3918	0.3304	0.3194	0.4008
2022-04-06	B03	0.3792	0.353	0.3152	0.3792
2022-04-06	B04	0.3424	0.3374	0.2892	0.3604
2022-04-06	B05	0.3682	0.3727	0.3367	0.3832
2022-04-06	B06	0.402	0.4217	0.3926	0.4237
2022-04-06	B07	0.4146	0.4398	0.4221	0.4499
2022-04-06	B08	0.4464	0.3928	0.3764	0.409
2022-04-06	B8A	0.4081	0.4327	0.4199	0.4441
2022-04-06	B11	0.3556	0.3735	0.3331	0.3227
2022-04-06	B12	0.3184	0.3369	0.3144	0.2761
2022-04-11	B01	0.8784	0.8747	0.9007	1.3558
2022-04-11	B02	0.8272	0.8256	0.8528	1.4064
2022-04-11	B03	0.774	0.7816	0.8036	1.3384
2022-04-11	B04	0.73	0.7484	0.774	1.2984
2022-04-11	B05	0.743	0.7539	0.7661	1.3713
2022-04-11	B06	0.721	0.7269	0.7455	1.2881
2022-04-11	B07	0.7209	0.7267	0.7408	1.2482
2022-04-11	B08	0.6968	0.6944	0.7156	1.2824
2022-04-11	B8A	0.7053	0.708	0.7201	1.1989
2022-04-11	B11	0.3925	0.3838	0.3937	0.8198
2022-04-11	B12	0.286	0.2725	0.2769	0.6918
2022-04-16	B01	0.1192	0.1202	0.1213	0.1321
2022-04-16	B02	0.1337	0.1308	0.1269	0.1614
2022-04-16	B03	0.1682	0.1712	0.171	0.2015
2022-04-16	B04	0.1341	0.133	0.1324	0.2512
2022-04-16	B05	0.2	0.2034	0.2021	0.2415
2022-04-16	B06	0.1815	0.174	0.1698	0.193
2022-04-16	B07	0.1775	0.1759	0.1812	0.1977
2022-04-16	B08	0.1865	0.1634	0.1637	0.1899
2022-04-16	B8A	0.1608	0.1494	0.1437	0.1614
2022-04-16	B11	0.1382	0.1263	0.1189	0.1154
2022-04-16	B12	0.1208	0.1159	0.1122	0.1093
2022-04-21	B01	1.0771	1.1088	1.1396	1.2796
2022-04-21	B02	0.92	0.924	0.9496	1.1608
2022-04-21	B03	0.8456	0.8728	0.8656	1.048
2022-04-21	B04	0.8328	0.8608	0.8344	0.9872
2022-04-21	B05	0.8928	0.9323	0.9288	1.0766
2022-04-21	B06	0.8334	0.8863	0.8923	1.0072
2022-04-21	B07	0.796	0.85	0.8653	0.953
2022-04-21	B08	0.7712	0.7968	0.7948	0.9816
2022-04-21	B8A	0.7743	0.8133	0.8324	0.9156
2022-04-21	B11	0.3097	0.3952	0.4038	0.2852
2022-04-21	B12	0.3066	0.3728	0.4262	0.3337
2022-04-26	B01	0.2629	0.2646	0.2625	0.3262
2022-04-26	B02	0.2552	0.2542	0.2546	0.325
2022-04-26	B03	0.2766	0.2748	0.272	0.3282
2022-04-26	B04	0.2354	0.2364	0.2378	0.3322
2022-04-26	B05	0.3117	0.3077	0.3081	0.3682
2022-04-26	B06	0.3435	0.3403	0.3408	0.3923
2022-04-26	B07	0.3565	0.3582	0.3617	0.4121
2022-04-26	B08	0.349	0.3412	0.3476	0.4072
2022-04-26	B8A	0.349	0.3403	0.3444	0.3936
2022-04-26	B11	0.2544	0.2531	0.2542	0.2714
2022-04-26	B12	0.2283	0.2275	0.2257	0.2491
2022-05-01	B01	1.0261	1.0481	1.0111	1.0747
2022-05-01	B02	1.0616	1.0528	1.032	1.016
2022-05-01	B03	1.0584	1.0728	1.0496	1.0176
2022-05-01	B04	1.0696	1.0928	1.0808	1.0392
2022-05-01	B05	1.0285	1.0696	1.0753	1.017
2022-05-01	B06	1.0262	1.0734	1.0887	1.0364
2022-05-01	B07	1.037	1.079	1.1019	1.0679
2022-05-01	B08	1.1352	1.1384	1.112	1.0776
2022-05-01	B8A	1.0252	1.0742	1.0977	1.0802
2022-05-01	B11	0.5798	0.6547	0.6528	0.7804
2022-05-01	B12	0.3698	0.4479	0.458	0.5919
2022-05-06	B01	0.1042	0.1121	0.1108	0.1156
2022-05-06	B02	0.1089	0.1091	0.1149	0.1398
2022-05-06	B03	0.1146	0.1124	0.1161	0.1732
2022-05-06	B04	0.1134	0.1117	0.1148	0.214
2022-05-06	B05	0.1253	0.1311	0.1326	0.2221
2022-05-06	B06	0.1086	0.118	0.1303	0.1807
2022-05-06	B07	0.1144	0.1221	0.1387	0.1832
2022-05-06	B08	0.1155	0.1197	0.1398	0.17
2022-05-06	B8A	0.115	0.1161	0.1274	0.1541
2022-05-06	B11	0.1124	0.1161	0.115	0.1109
2022-05-06	B12	0.1073	0.1121	0.1107	0.1071
2022-05-11	B01	0.1067	0.1093	0.1149	0.126
2022-05-11	B02	0.1041	0.1036	0.1042	0.1382
2022-05-11	B03	0.1102	0.1082	0.1095	0.1706
2022-05-11	B04	0.1106	0.1088	0.1089	0.2094
2022-05-11	B05	0.125	0.128	0.1296	0.2214
2022-05-11	B06	0.1286	0.1212	0.1353	0.1961
2022-05-11	B07	0.1343	0.1284	0.1366	0.2022
2022-05-11	B08	0.1297	0.1242	0.1314	0.1771
2022-05-11	B8A	0.1156	0.1136	0.1264	0.1766
2022-05-11	B11	0.1121	0.1167	0.1144	0.1299
2022-05-11	B12	0.1064	0.1121	0.1104	0.1233
2022-05-16	B01	0.1003	0.1035	0.1094	0.1118
2022-05-16	B02	0.1026	0.1051	0.1048	0.1356
2022-05-16	B03	0.1073	0.1074	0.1084	0.1662
2022-05-16	B04	0.1079	0.1076	0.1086	0.2072
2022-05-16	B05	0.1262	0.1261	0.1281	0.2114
2022-05-16	B06	0.115	0.1214	0.1214	0.1655
2022-05-16	B07	0.1143	0.1151	0.1254	0.1643
2022-05-16	B08	0.1159	0.1177	0.1213	0.158
2022-05-16	B8A	0.116	0.1116	0.1164	0.1417
2022-05-16	B11	0.1134	0.1186	0.1167	0.115
2022-05-16	B12	0.1089	0.1123	0.1132	0.1091
2022-05-21	B01	0.1032	0.1071	0.1126	0.1342
2022-05-21	B02	0.0987	0.1007	0.1016	0.1506
2022-05-21	B03	0.1082	0.109	0.1104	0.1806
2022-05-21	B04	0.111	0.1103	0.1085	0.2116
2022-05-21	B05	0.1214	0.1222	0.1284	0.2196
2022-05-21	B06	0.1052	0.1171	0.1185	0.187
2022-05-21	B07	0.1006	0.1147	0.1216	0.1924
2022-05-21	B08	0.1147	0.1164	0.1192	0.1917
2022-05-21	B8A	0.1034	0.1195	0.1157	0.1731
2022-05-21	B11	0.1197	0.1181	0.1188	0.137
2022-05-21	B12	0.1145	0.1175	0.116	0.1293
2022-05-26	B01	1.2667	1.3426	1.2613	1.3558
2022-05-26	B02	1.3624	1.3952	1.3904	1.3136
2022-05-26	B03	1.1544	1.2	1.2864	1.1832
2022-05-26	B04	1	1.0688	1.1912	1.112
2022-05-26	B05	0.9747	1.1311	1.2472	1.0881
2022-05-26	B06	0.878	0.9996	1.0948	1.0203
2022-05-26	B07	0.8362	0.9268	0.9851	1.0289
2022-05-26	B08	1.0016	1.0288	1.092	0.976
2022-05-26	B8A	0.7943	0.8503	0.8752	0.9942
2022-05-26	B11	0.4627	0.6051	0.6997	0.6608
2022-05-26	B12	0.3091	0.4423	0.4829	0.5603
2022-05-31	B01	0.4898	0.4913	0.4811	0.6071
2022-05-31	B02	0.4208	0.4808	0.4588	0.5072
2022-05-31	B03	0.4256	0.4652	0.4616	0.4928
2022-05-31	B04	0.4256	0.45	0.4616	0.4884
2022-05-31	B05	0.4602	0.4809	0.4931	0.5214
2022-05-31	B06	0.5034	0.5166	0.5251	0.5563
2022-05-31	B07	0.5108	0.5106	0.5248	0.561
2022-05-31	B08	0.5028	0.5528	0.5472	0.564
2022-05-31	B8A	0.5173	0.5044	0.5254	0.5749
2022-05-31	B11	0.4768	0.4821	0.4928	0.5072
2022-05-31	B12	0.4837	0.4658	0.4784	0.5037
2022-06-05	B01	0.3813	0.3803	0.3793	0.6338
2022-06-05	B02	0.3898	0.3938	0.3872	0.602
2022-06-05	B03	0.3664	0.3648	0.3744	0.5708
2022-06-05	B04	0.3462	0.3508	0.3566	0.5408
2022-06-05	B05	0.3658	0.37	0.3787	0.558
2022-06-05	B06	0.3791	0.3824	0.3904	0.5741
2022-06-05	B07	0.3814	0.3824	0.3899	0.5851
2022-06-05	B08	0.403	0.405	0.414	0.5916
2022-06-05	B8A	0.384	0.3803	0.3761	0.5745
2022-06-05	B11	0.2966	0.3005	0.3074	0.4053
2022-06-05	B12	0.278	0.2775	0.278	0.3479
2022-06-10	B01	0.2679	0.1886	0.1372	0.1556
2022-06-10	B02	0.2576	0.1478	0.1309	0.1584
2022-06-10	B03	0.2098	0.1494	0.1307	0.1848
2022-06-10	B04	0.1988	0.1436	0.1231	0.2122
2022-06-10	B05	0.2396	0.1576	0.135	0.2169
2022-06-10	B06	0.2919	0.1702	0.1368	0.1776
2022-06-10	B07	0.2999	0.1644	0.1411	0.1775
2022-06-10	B08	0.3292	0.183	0.1375	0.1742
2022-06-10	B8A	0.3166	0.1605	0.1339	0.1594
2022-06-10	B11	0.2779	0.15	0.1224	0.122
2022-06-10	B12	0.2624	0.1341	0.1153	0.116
2022-06-15	B01	0.0968	0.1007	0.1071	0.1054
2022-06-15	B02	0.1011	0.104	0.1018	0.13
2022-06-15	B03	0.1079	0.1069	0.1067	0.1517
2022-06-15	B04	0.1083	0.1062	0.107	0.1806
2022-06-15	B05	0.1176	0.1195	0.1193	0.1803
2022-06-15	B06	0.1106	0.1094	0.1107	0.1394
2022-06-15	B07	0.1024	0.1127	0.1135	0.1438
2022-06-15	B08	0.1096	0.1085	0.1121	0.1325
2022-06-15	B8A	0.0995	0.108	0.1139	0.1281
2022-06-15	B11	0.1147	0.1144	0.1139	0.1116
2022-06-15	B12	0.1102	0.1097	0.1109	0.1066
2022-06-20	B01	0.1081	0.1108	0.1186	0.1094
2022-06-20	B02	0.1173	0.1178	0.1168	0.126
2022-06-20	B03	0.1208	0.1208	0.1223	0.1536
2022-06-20	B04	0.1165	0.1179	0.1189	0.1816
2022-06-20	B05	0.1311	0.1342	0.1342	0.182
2022-06-20	B06	0.1134	0.1244	0.1259	0.1457
2022-06-20	B07	0.1183	0.1239	0.1275	0.1484
2022-06-20	B08	0.1307	0.1353	0.135	0.1386
2022-06-20	B8A	0.1107	0.1248	0.1285	0.1283
2022-06-20	B11	0.1175	0.1191	0.1191	0.1131
2022-06-20	B12	0.1139	0.114	0.1175	0.1093
2022-06-25	B01	0.8719	0.8883	0.8934	0.8554
2022-06-25	B02	0.8992	0.9144	0.8584	0.8616
2022-06-25	B03	0.892	0.9168	0.8912	0.8352
2022-06-25	B04	0.8864	0.9032	0.9072	0.8172
2022-06-25	B05	0.8285	0.8615	0.8666	0.7707
2022-06-25	B06	0.8326	0.8621	0.8763	0.7862
2022-06-25	B07	0.8577	0.8912	0.9072	0.8314
2022-06-25	B08	0.9056	0.928	0.888	0.852
2022-06-25	B8A	0.8519	0.8842	0.8997	0.8338
2022-06-25	B11	0.6569	0.6944	0.7046	0.6129
2022-06-25	B12	0.5311	0.5692	0.6008	0.5207
2022-06-30	B01	0.099	0.1029	0.1063	0.1119
2022-06-30	B02	0.0988	0.101	0.1002	0.1256
2022-06-30	B03	0.1088	0.1108	0.1081	0.1534
2022-06-30	B04	0.1097	0.1114	0.1101	0.1847
2022-06-30	B05	0.1136	0.1195	0.1217	0.1843
2022-06-30	B06	0.1138	0.1136	0.1133	0.1383
2022-06-30	B07	0.1067	0.1133	0.1193	0.1335
2022-06-30	B08	0.1134	0.111	0.1132	0.133
2022-06-30	B8A	0.1114	0.1143	0.1115	0.1264
2022-06-30	B11	0.1123	0.1116	0.1121	0.1106
2022-06-30	B12	0.1093	0.1083	0.1081	0.108
2022-07-05	B01	1.0604	1.0905	1.0766	1.2948
2022-07-05	B02	0.9672	0.9816	0.9832	1.212
2022-07-05	B03	0.8728	0.8832	0.8904	1.1136
2022-07-05	B04	0.8264	0.832	0.836	1.0744
2022-07-05	B05	0.8216	0.8461	0.8443	1.0837
2022-07-05	B06	0.8139	0.8286	0.8414	1.0645
2022-07-05	B07	0.8318	0.8527	0.8579	1.0867
2022-07-05	B08	0.8272	0.824	0.8264	1.0536
2022-07-05	B8A	0.8215	0.8398	0.8392	1.0656
2022-07-05	B11	0.5722	0.5818	0.5851	0.7744
2022-07-05	B12	0.5202	0.5259	0.528	0.68
2022-07-10	B01	0.3839	0.3871	0.3848	0.8885
2022-07-10	B02	0.3552	0.3562	0.342	0.7544
2022-07-10	B03	0.3492	0.3424	0.3452	0.7044
2022-07-10	B04	0.332	0.3262	0.3292	0.6708
2022-07-10	B05	0.3386	0.3356	0.3325	0.6712
2022-07-10	B06	0.3839	0.3801	0.3781	0.7095
2022-07-10	B07	0.396	0.4026	0.3976	0.7264
2022-07-10	B08	0.412	0.4128	0.404	0.7312
2022-07-10	B8A	0.405	0.4069	0.4042	0.7214
2022-07-10	B11	0.2896	0.2893	0.2872	0.3228
2022-07-10	B12	0.2579	0.2595	0.2549	0.3166
2022-07-15	B01	0.1088	0.1112	0.1157	0.1217
2022-07-15	B02	0.1196	0.1217	0.1207	0.1454
2022-07-15	B03	0.1288	0.1286	0.1274	0.1766
2022-07-15	B04	0.1256	0.1251	0.1278	0.1963
2022-07-15	B05	0.1268	0.1249	0.1271	0.1983
2022-07-15	B06	0.1304	0.1292	0.1283	0.1555
2022-07-15	B07	0.1321	0.1354	0.1403	0.1603
2022-07-15	B08	0.1343	0.1368	0.1342	0.1532
2022-07-15	B8A	0.1338	0.1347	0.1379	0.1457
2022-07-15	B11	0.1349	0.1355	0.1384	0.1326
2022-07-15	B12	0.1244	0.1263	0.1263	0.1264
2022-07-20	B01	0.093	0.0953	0.1023	0.1126
2022-07-20	B02	0.0975	0.0947	0.1007	0.1278
2022-07-20	B03	0.1031	0.1056	0.11	0.1608
2022-07-20	B04	0.1061	0.1066	0.1118	0.186
2022-07-20	B05	0.1023	0.1051	0.1068	0.1854
2022-07-20	B06	0.1025	0.1063	0.1092	0.1369
2022-07-20	B07	0.1074	0.1105	0.114	0.1407
2022-07-20	B08	0.1086	0.1126	0.1158	0.1312
2022-07-20	B8A	0.098	0.1114	0.1218	0.1183
2022-07-20	B11	0.1179	0.1189	0.1221	0.1222
2022-07-20	B12	0.1132	0.1146	0.1142	0.1118
2022-07-25	B01	0.1242	0.1279	0.1286	0.1329
2022-07-25	B02	0.1255	0.1274	0.128	0.1478
2022-07-25	B03	0.1245	0.1278	0.1258	0.1718
2022-07-25	B04	0.1195	0.1213	0.1219	0.1885
2022-07-25	B05	0.119	0.1204	0.1202	0.1891
2022-07-25	B06	0.1198	0.1203	0.1258	0.1474
2022-07-25	B07	0.1346	0.1288	0.1304	0.156
2022-07-25	B08	0.1256	0.1268	0.1263	0.1446
2022-07-25	B8A	0.1175	0.1286	0.1345	0.1415
2022-07-25	B11	0.1198	0.1231	0.126	0.121
2022-07-25	B12	0.1144	0.1149	0.1149	0.113
2022-07-30	B01	0.1116	0.1173	0.1181	0.1463
2022-07-30	B02	0.111	0.109	0.109	0.158
2022-07-30	B03	0.1156	0.1157	0.1157	0.187
2022-07-30	B04	0.1166	0.1143	0.1144	0.2066
2022-07-30	B05	0.1193	0.1211	0.1205	0.2072
2022-07-30	B06	0.1072	0.1232	0.1305	0.1804
2022-07-30	B07	0.1177	0.1278	0.1336	0.189
2022-07-30	B08	0.1297	0.1255	0.1321	0.193
2022-07-30	B8A	0.1245	0.1296	0.1321	0.1758
2022-07-30	B11	0.1281	0.1268	0.1298	0.154
2022-07-30	B12	0.1192	0.1217	0.1226	0.1374
2022-08-04	B01	1.0916	1.1048	1.1193	1.1465
2022-08-04	B02	1.0048	1.012	1.056	1.0888
2022-08-04	B03	0.9344	0.9496	0.9776	1.0296
2022-08-04	B04	0.9008	0.9168	0.9416	1.0088
2022-08-04	B05	0.831	0.8514	0.8696	0.9383
2022-08-04	B06	0.8327	0.8581	0.8716	0.9418
2022-08-04	B07	0.858	0.8828	0.8994	0.9763
2022-08-04	B08	0.8696	0.8816	0.92	0.9944
2022-08-04	B8A	0.8486	0.8809	0.8967	0.9641
2022-08-04	B11	0.589	0.5991	0.6111	0.7375
2022-08-04	B12	0.4489	0.4643	0.4634	0.5678
2022-08-09	B01	0.415	0.3885	0.4395	0.8429
2022-08-09	B02	0.3788	0.3706	0.3854	0.6748
2022-08-09	B03	0.3702	0.3378	0.3498	0.6612
2022-08-09	B04	0.3526	0.311	0.3172	0.6716
2022-08-09	B05	0.3669	0.3292	0.3332	0.7187
2022-08-09	B06	0.3943	0.3662	0.3582	0.722
2022-08-09	B07	0.4026	0.3699	0.3508	0.7259
2022-08-09	B08	0.4184	0.3986	0.4068	0.684
2022-08-09	B8A	0.4084	0.3774	0.3389	0.7372
2022-08-09	B11	0.3414	0.3175	0.3047	0.5667
2022-08-09	B12	0.3059	0.282	0.2487	0.4757
2022-08-14	B01	0.1171	0.1232	0.1218	0.1273
2022-08-14	B02	0.1206	0.1216	0.121	0.1432
2022-08-14	B03	0.1339	0.136	0.1332	0.1692
2022-08-14	B04	0.124	0.1234	0.1229	0.1796
2022-08-14	B05	0.1292	0.1363	0.1323	0.173
2022-08-14	B06	0.1199	0.1242	0.1243	0.1392
2022-08-14	B07	0.1258	0.1252	0.1334	0.1418
2022-08-14	B08	0.1264	0.1258	0.1258	0.1353
2022-08-14	B8A	0.1272	0.1232	0.1254	0.1283
2022-08-14	B11	0.1215	0.1273	0.1238	0.1204
2022-08-14	B12	0.1131	0.1185	0.1129	0.1153
2022-08-19	B01	0.1196	0.1244	0.1248	0.1333
2022-08-19	B02	0.1154	0.1152	0.1174	0.1423
2022-08-19	B03	0.1322	0.1324	0.1315	0.1781
2022-08-19	B04	0.1223	0.1235	0.1238	0.1942
2022-08-19	B05	0.1337	0.1397	0.1361	0.1833
2022-08-19	B06	0.1249	0.1262	0.1275	0.1402
2022-08-19	B07	0.1181	0.1264	0.131	0.1431
2022-08-19	B08	0.1276	0.1289	0.1307	0.1396
2022-08-19	B8A	0.1201	0.1251	0.1276	0.1306
2022-08-19	B11	0.1172	0.122	0.1184	0.1153
2022-08-19	B12	0.1109	0.1133	0.1137	0.1082
2022-08-24	B01	0.12	0.1249	0.121	0.1261
2022-08-24	B02	0.1308	0.1288	0.1304	0.1442
2022-08-24	B03	0.1612	0.1566	0.1584	0.1678
2022-08-24	B04	0.1356	0.1344	0.1341	0.1752
2022-08-24	B05	0.1662	0.1667	0.1669	0.1705
2022-08-24	B06	0.1377	0.1402	0.1442	0.1343
2022-08-24	B07	0.1363	0.1445	0.1473	0.1372
2022-08-24	B08	0.1388	0.1374	0.1377	0.1251
2022-08-24	B8A	0.1285	0.1277	0.1356	0.1275
2022-08-24	B11	0.1217	0.127	0.1236	0.1187
2022-08-24	B12	0.1147	0.1174	0.1169	0.1133
2022-08-29	B01	0.121	0.1218	0.1186	0.121
2022-08-29	B02	0.1169	0.1179	0.1209	0.1284
2022-08-29	B03	0.1202	0.1222	0.1236	0.1456
2022-08-29	B04	0.118	0.1176	0.1183	0.1497
2022-08-29	B05	0.1235	0.124	0.1257	0.1477
2022-08-29	B06	0.1221	0.1242	0.1246	0.1338
2022-08-29	B07	0.1246	0.1242	0.1272	0.1342
2022-08-29	B08	0.1248	0.1239	0.1255	0.1306
2022-08-29	B8A	0.1173	0.1216	0.1261	0.126
2022-08-29	B11	0.1117	0.1133	0.1123	0.1133
2022-08-29	B12	0.109	0.1089	0.1102	0.1103
2022-09-03	B01	0.1154	0.1218	0.124	0.1291
2022-09-03	B02	0.1176	0.1141	0.1143	0.146
2022-09-03	B03	0.1244	0.124	0.1264	0.1758
2022-09-03	B04	0.1187	0.119	0.1199	0.1888
2022-09-03	B05	0.1291	0.1289	0.1326	0.1787
2022-09-03	B06	0.1131	0.1161	0.1245	0.1375
2022-09-03	B07	0.1182	0.1188	0.1247	0.1408
2022-09-03	B08	0.1224	0.1212	0.1236	0.1346
2022-09-03	B8A	0.1242	0.1205	0.1241	0.126
2022-09-03	B11	0.1172	0.1216	0.122	0.1168
2022-09-03	B12	0.112	0.1133	0.1153	0.1109
2022-09-08	B01	0.1408	0.1465	0.1508	0.1728
2022-09-08	B02	0.157	0.1503	0.1709	0.2005
2022-09-08	B03	0.198	0.1877	0.1918	0.226
2022-09-08	B04	0.1689	0.1706	0.1714	0.2294
2022-09-08	B05	0.1797	0.1788	0.1761	0.232
2022-09-08	B06	0.1478	0.1574	0.1656	0.1789
2022-09-08	B07	0.1267	0.1496	0.1518	0.1648
2022-09-08	B08	0.1358	0.1286	0.1318	0.1574
2022-09-08	B8A	0.121	0.1229	0.1251	0.1401
2022-09-08	B11	0.1098	0.1058	0.1084	0.1129
2022-09-08	B12	0.1054	0.1075	0.1058	0.1117
2022-09-13	B01	0.1206	0.1279	0.1262	0.1323
2022-09-13	B02	0.1262	0.1243	0.1231	0.143
2022-09-13	B03	0.1496	0.15	0.1464	0.1674
2022-09-13	B04	0.133	0.134	0.1324	0.1718
2022-09-13	B05	0.1563	0.1541	0.1541	0.1604
2022-09-13	B06	0.132	0.129	0.1315	0.1282
2022-09-13	B07	0.1346	0.1347	0.1352	0.131
2022-09-13	B08	0.1309	0.1308	0.1325	0.1272
2022-09-13	B8A	0.1229	0.1203	0.1303	0.1223
2022-09-13	B11	0.1227	0.1232	0.1248	0.1226
2022-09-13	B12	0.1155	0.1199	0.1181	0.1153
2022-09-18	B01	0.1513	0.1694	0.1647	0.8873
2022-09-18	B02	0.1527	0.1608	0.2111	1.008
2022-09-18	B03	0.2116	0.2246	0.2534	0.8752
2022-09-18	B04	0.1659	0.199	0.1964	0.7508
2022-09-18	B05	0.2124	0.2535	0.2319	0.804
2022-09-18	B06	0.1541	0.2321	0.1735	0.7479
2022-09-18	B07	0.1585	0.2352	0.1714	0.6934
2022-09-18	B08	0.141	0.1584	0.2574	0.8084
2022-09-18	B8A	0.1299	0.2154	0.1484	0.6452
2022-09-18	B11	0.1315	0.2051	0.1533	0.6123
2022-09-18	B12	0.1247	0.1628	0.1307	0.5424
2022-09-23	B01	0.1295	0.1373	0.1347	0.135
2022-09-23	B02	0.1395	0.1422	0.1398	0.1485
2022-09-23	B03	0.1929	0.1956	0.1956	0.1733
2022-09-23	B04	0.1566	0.1566	0.1594	0.1742
2022-09-23	B05	0.1957	0.1966	0.1971	0.1657
2022-09-23	B06	0.1514	0.1444	0.1519	0.1316
2022-09-23	B07	0.152	0.1511	0.152	0.1353
2022-09-23	B08	0.1444	0.1418	0.148	0.1287
2022-09-23	B8A	0.1307	0.1333	0.1361	0.1217
2022-09-23	B11	0.1223	0.1236	0.1246	0.1204
2022-09-23	B12	0.1152	0.118	0.1165	0.1144
2022-09-28	B01	0.4354	0.4518	0.4629	0.3217
2022-09-28	B02	0.398	0.4094	0.4008	0.30620000000000003
2022-09-28	B03	0.4044	0.3996	0.4164	0.31
2022-09-28	B04	0.3802	0.3868	0.3928	0.2974
2022-09-28	B05	0.4101	0.4253	0.4296	0.3126
2022-09-28	B06	0.4267	0.444	0.4504	0.3309
2022-09-28	B07	0.4379	0.4524	0.4552	0.3378
2022-09-28	B08	0.4544	0.4488	0.4596	0.3478
2022-09-28	B8A	0.4403	0.457	0.4586	0.337
2022-09-28	B11	0.2929	0.3005	0.302	0.2495
2022-09-28	B12	0.2799	0.2871	0.2892	0.2312
2022-10-03	B01	0.1317	0.1389	0.1337	0.1407
2022-10-03	B02	0.1437	0.145	0.1466	0.1538
2022-10-03	B03	0.2188	0.221	0.2138	0.1822
2022-10-03	B04	0.176	0.1794	0.1768	0.1814
2022-10-03	B05	0.2176	0.2229	0.2172	0.1709
2022-10-03	B06	0.1547	0.1572	0.1609	0.1343
2022-10-03	B07	0.1586	0.1575	0.1594	0.1346
2022-10-03	B08	0.1496	0.1535	0.1602	0.133
2022-10-03	B8A	0.1372	0.1425	0.1414	0.1292
2022-10-03	B11	0.1205	0.1273	0.1294	0.1266
2022-10-03	B12	0.1154	0.121	0.1194	0.1192
2022-10-08	B01	0.1349	0.1393	0.1398	0.1364
2022-10-08	B02	0.1498	0.1502	0.1513	0.1488
2022-10-08	B03	0.2238	0.2256	0.2154	0.171
2022-10-08	B04	0.1728	0.173	0.1684	0.1788
2022-10-08	B05	0.2171	0.22	0.2098	0.171
2022-10-08	B06	0.1612	0.1632	0.1654	0.1341
2022-10-08	B07	0.1713	0.1694	0.1709	0.1365
2022-10-08	B08	0.1596	0.1622	0.166	0.1313
2022-10-08	B8A	0.1443	0.1503	0.1491	0.1296
2022-10-08	B11	0.125	0.1367	0.1303	0.1228
2022-10-08	B12	0.1152	0.1227	0.1233	0.1153
2022-10-13	B01	0.1349	0.1393	0.1398	0.1364
2022-10-13	B02	0.1498	0.1502	0.1513	0.1488
2022-10-13	B03	0.2238	0.2256	0.2154	0.171
2022-10-13	B04	0.1728	0.173	0.1684	0.1788
2022-10-13	B05	0.2171	0.22	0.2098	0.171
2022-10-13	B06	0.1612	0.1632	0.1654	0.1341
2022-10-13	B07	0.1713	0.1694	0.1709	0.1365
2022-10-13	B08	0.1596	0.1622	0.166	0.1313
2022-10-13	B8A	0.1443	0.1503	0.1491	0.1296
2022-10-13	B11	0.125	0.1367	0.1303	0.1228
2022-10-13	B12	0.1152	0.1227	0.1233	0.1153
2022-10-18	B01	0.1368	0.1401	0.1408	0.1448
2022-10-18	B02	0.1424	0.1437	0.143	0.1505
2022-10-18	B03	0.2104	0.2124	0.2096	0.1805
2022-10-18	B04	0.1715	0.1712	0.1718	0.1938
2022-10-18	B05	0.2026	0.208	0.2054	0.1904
2022-10-18	B06	0.1503	0.1512	0.1578	0.1449
2022-10-18	B07	0.1569	0.1582	0.1624	0.1436
2022-10-18	B08	0.1494	0.151	0.1554	0.1405
2022-10-18	B8A	0.1304	0.1389	0.1443	0.136
2022-10-18	B11	0.1211	0.1274	0.1239	0.1209
2022-10-18	B12	0.1156	0.1202	0.1178	0.1145
2022-10-23	B01	0.1423	0.1492	0.1498	0.1465
2022-10-23	B02	0.156	0.1545	0.1496	0.153
2022-10-23	B03	0.2254	0.222	0.2172	0.1752
2022-10-23	B04	0.1841	0.1788	0.1768	0.1827
2022-10-23	B05	0.2113	0.2038	0.2054	0.1818
2022-10-23	B06	0.1633	0.1508	0.1515	0.1426
2022-10-23	B07	0.1649	0.1623	0.1598	0.1476
2022-10-23	B08	0.151	0.1514	0.151	0.134
2022-10-23	B8A	0.1492	0.1355	0.1419	0.1309
2022-10-23	B11	0.1339	0.1298	0.1307	0.1219
2022-10-23	B12	0.1242	0.1245	0.1184	0.1176
